case_id,family,n,k,ls_decoder,osd_decoder,paired_trials,eligible_work_pairs,ls_bler,ls_bler_low,ls_bler_high,ls_minus_osd_error_rate,error_diff_low,error_diff_high,osd_to_ls_wall_median_ratio,wall_ratio_low,wall_ratio_high,osd_to_ls_bit_metric_median_ratio,bit_ratio_low,bit_ratio_high,osd_to_ls_component_median_ratio,component_ratio_low,component_ratio_high
PF32_DENSE_EARLY,dense,32,20,ls_first_valid,latent_osd_batch_o2_s31,60,60,0.0,0.0,0.06017185214208986,0.0,0.0,0.0,65.8754623925999,56.05931471957844,72.15171914086724,925040.0,914624.0,941904.0,144.66666666666666,72.33333333333333,192.88888888888889
PF32_DENSE_EARLY,dense,32,20,ls_list_marginal_L2,latent_osd_batch_o2_s31,60,59,0.0,0.0,0.06017185214208986,0.0,0.0,0.0,1.7132715024689615,1.1440478481928227,2.615032561122297,466.0,460.5,476.5,0.3888888888888889,0.27927927927927926,0.7248434237995824
PF32_DENSE_EARLY,dense,32,20,ls_list_marginal_L4,latent_osd_batch_o2_s31,60,49,0.0,0.0,0.06017185214208986,0.0,0.0,0.0,0.5354149355154832,0.43005129236128925,0.6138639724310778,232.25,228.75,238.5,0.1287547281762219,0.09950705032672245,0.14704387599525665
PF32_DENSE_EARLY,dense,32,20,ls_list_marginal_L8,latent_osd_batch_o2_s31,60,12,0.0,0.0,0.06017185214208986,0.0,0.0,0.0,0.4195949846642958,0.34204602961217156,0.4792797672524393,118.125,115.5,121.25,0.0797575566760996,0.07526741757685665,0.09600126128702934
PF32_SPARSE_EARLY,sparse,32,20,ls_first_valid,latent_osd_batch_o2_s31,60,60,0.05,0.01714950216439568,0.1370051647634852,0.0,0.0,0.0,78.90817188427673,72.50739312627245,84.5009985334779,948848.0,919584.0,965216.0,204.94444444444446,183.24444444444444,232.5
PF32_SPARSE_EARLY,sparse,32,20,ls_list_marginal_L2,latent_osd_batch_o2_s31,60,60,0.05,0.01714950216439568,0.1370051647634852,0.0,0.0,0.0,20.003211071013737,13.877345774293603,25.15320268135855,478.25,463.5,486.0,7.780392156862746,3.981651376146789,12.314534386476833
PF32_SPARSE_EARLY,sparse,32,20,ls_list_marginal_L4,latent_osd_batch_o2_s31,60,60,0.05,0.01714950216439568,0.1370051647634852,0.0,0.0,0.0,5.24486736698409,4.22841209471333,6.828150679826536,239.125,231.5,242.875,1.2902354120013833,1.0238663054502752,1.4761904761904763
PF32_SPARSE_EARLY,sparse,32,20,ls_list_marginal_L8,latent_osd_batch_o2_s31,60,59,0.05,0.01714950216439568,0.1370051647634852,0.0,0.0,0.0,1.8644395815317232,1.5214533873003908,2.1384303235487465,119.5,115.75,121.5,0.4050396640223985,0.3484631113991599,0.4938833570412518
PF64_DENSE_EARLY,dense,64,48,ls_first_valid,latent_osd_batch_o2_s63,40,40,0.0,0.0,0.08762160119728664,0.0,0.0,0.0,466.02466597420585,410.7007187585925,531.7075653584652,10299744.0,10180598.4,10372320.0,207.52941176470588,181.0421052631579,235.2
PF64_DENSE_EARLY,dense,64,48,ls_list_marginal_L2,latent_osd_batch_o2_s63,40,21,0.0,0.0,0.08762160119728664,0.0,0.0,0.0,8.341366337158789,4.536456609640936,12.69445879873937,1267.5,1256.0,1277.5,0.3804183739486737,0.18669630100015874,0.49349559378934116
PF64_DENSE_EARLY,dense,64,48,ls_list_marginal_L4,latent_osd_batch_o2_s63,40,3,0.0,0.0,0.08762160119728664,0.0,0.0,0.0,4.948749730887323,2.0478330178649298,5.291129269689046,627.5,610.0,628.0,0.16868276356681808,0.08223967924660248,0.17280564263322884
PF64_DENSE_EARLY,dense,64,48,ls_list_marginal_L8,latent_osd_batch_o2_s63,40,0,0.0,0.0,0.08762160119728664,0.0,0.0,0.0,,,,,,,,,
PF64_SPARSE_EARLY,sparse,64,48,ls_first_valid,latent_osd_batch_o2_s63,40,40,0.125,0.05459500250945401,0.261121198388511,0.05,-0.05,0.15,442.00740752954744,408.9725548327382,480.0426328266958,10446912.0,10325952.0,10698912.0,220.5,207.52941176470588,252.0
PF64_SPARSE_EARLY,sparse,64,48,ls_list_marginal_L2,latent_osd_batch_o2_s63,40,40,0.075,0.025836025774588198,0.19864233524310543,0.0,0.0,0.0,89.80521791711465,48.03984628815505,114.53303879624501,1295.5,1280.0,1326.75,4.944799033983095,3.0704960835509136,6.506460674157303
PF64_SPARSE_EARLY,sparse,64,48,ls_list_marginal_L4,latent_osd_batch_o2_s63,40,39,0.075,0.025836025774588198,0.19864233524310543,0.0,0.0,0.0,21.0577587105779,18.62564128187221,27.718681952613537,647.75,639.75,663.0,1.0031276656241115,0.7205882352941176,1.2937293729372936
PF64_SPARSE_EARLY,sparse,64,48,ls_list_marginal_L8,latent_osd_batch_o2_s63,40,39,0.075,0.025836025774588198,0.19864233524310543,0.0,0.0,0.0,7.334697090251779,6.3521929672524,10.80113325172066,323.875,319.875,331.5,0.3284610371473792,0.2585183556825676,0.4083805996064359
PF64_DENSE_MIX,dense,64,48,ls_first_valid,latent_osd_batch_o2_s63,40,40,0.0,0.0,0.08762160119728664,0.0,0.0,0.0,523.7074471162431,435.3193030710922,600.4237872288844,10273536.0,10217088.0,10342080.0,1764.0,735.0,1764.0
PF64_DENSE_MIX,dense,64,48,ls_list_marginal_L2,latent_osd_batch_o2_s63,40,26,0.0,0.0,0.08762160119728664,0.0,0.0,0.0,4.247386656463565,2.8723945819327894,6.249306476763187,1275.0,1262.0,1285.25,0.17453378490987437,0.1184533980894523,0.3149943780374209
PF64_DENSE_MIX,dense,64,48,ls_list_marginal_L4,latent_osd_batch_o2_s63,40,2,0.0,0.0,0.08762160119728664,0.0,0.0,0.0,1.6251971086418249,1.541158633800637,1.7092355834830126,647.125,646.0,648.25,0.06510944414430664,0.06245353159851301,0.06776535669010027
PF64_DENSE_MIX,dense,64,48,ls_list_marginal_L8,latent_osd_batch_o2_s63,40,0,0.0,0.0,0.08762160119728664,0.0,0.0,0.0,,,,,,,,,
PF64_SPARSE_MIX,sparse,64,48,ls_first_valid,latent_osd_batch_o2_s63,40,40,0.05,0.013820667386148344,0.16503877369140962,0.0,0.0,0.0,503.23251134681993,423.68987572354195,556.858961724923,10422720.0,10253376.0,10584000.0,1764.0,1764.0,3528.0
PF64_SPARSE_MIX,sparse,64,48,ls_list_marginal_L2,latent_osd_batch_o2_s63,40,40,0.05,0.013820667386148344,0.16503877369140962,0.0,0.0,0.0,185.07525632962447,147.76729334400287,215.8791593606165,1292.5,1271.5,1312.5,20.260602094240838,12.923076923076923,82.04651162790698
PF64_SPARSE_MIX,sparse,64,48,ls_list_marginal_L4,latent_osd_batch_o2_s63,40,40,0.05,0.013820667386148344,0.16503877369140962,0.0,0.0,0.0,82.71944241151103,61.361908444900834,106.81397727046017,646.25,635.75,657.2999999999997,4.287359168007924,2.5556712304614937,7.353862054290666
PF64_SPARSE_MIX,sparse,64,48,ls_list_marginal_L8,latent_osd_batch_o2_s63,40,40,0.05,0.013820667386148344,0.16503877369140962,0.0,0.0,0.0,29.203266270740542,17.479641032541203,37.36924205517439,323.125,317.875,328.125,1.3943215734292493,0.7834776815456362,2.0264322935997745
PF64_DENSE_PHASE,dense,64,48,ls_first_valid,latent_osd_batch_o2_s63,20,20,0.0,0.0,0.16112515805281938,0.0,0.0,0.0,467.6061458156071,377.2111984321946,604.2137024275274,10364256.0,10164672.0,10489248.0,1764.0,185.68421052631578,3528.0
PF64_DENSE_PHASE,dense,64,48,ls_list_marginal_L2,latent_osd_batch_o2_s63,20,13,0.0,0.0,0.16112515805281938,0.0,0.0,0.0,3.9574653404345255,1.7311886327138057,16.946988120085372,1278.0,1255.0,1312.5,0.18807975263887408,0.06712201061623638,0.5967523680649527
PF64_DENSE_PHASE,dense,64,48,ls_list_marginal_L4,latent_osd_batch_o2_s63,20,1,0.0,0.0,0.16112515805281938,0.0,0.0,0.0,1.319767744486028,1.319767744486028,1.319767744486028,660.25,660.25,660.25,0.06296739188634456,0.06296739188634456,0.06296739188634456
PF64_DENSE_PHASE,dense,64,48,ls_list_marginal_L8,latent_osd_batch_o2_s63,20,0,0.0,0.0,0.16112515805281938,0.0,0.0,0.0,,,,,,,,,
PF64_SPARSE_PHASE,sparse,64,48,ls_first_valid,latent_osd_batch_o2_s63,20,20,0.0,0.0,0.16112515805281938,0.0,0.0,0.0,488.6959796553874,421.73874543817044,558.0408219227384,10362240.0,9952992.0,10747296.0,698.25,185.68421052631578,3528.0
PF64_SPARSE_PHASE,sparse,64,48,ls_list_marginal_L2,latent_osd_batch_o2_s63,20,20,0.0,0.0,0.16112515805281938,0.0,0.0,0.0,171.1724810047868,101.48233793251492,197.3102050739123,1285.0,1234.25,1332.75,16.111261027503893,7.47457627118644,20.58
PF64_SPARSE_PHASE,sparse,64,48,ls_list_marginal_L4,latent_osd_batch_o2_s63,20,20,0.0,0.0,0.16112515805281938,0.0,0.0,0.0,62.17753066337369,34.015663784717795,83.53300991046572,642.5,617.25,666.375,3.1121547579112154,2.1586424307465286,4.344834175838676
PF64_SPARSE_PHASE,sparse,64,48,ls_list_marginal_L8,latent_osd_batch_o2_s63,20,20,0.0,0.0,0.16112515805281938,0.0,0.0,0.0,14.079176493048674,10.95307278194231,19.433519699388192,321.25,308.5625,333.1875,0.6515108063717183,0.44875245295554234,1.0264698885465775
