case_id,trial_uid,trial_id,n,k,rate,family,snr_db,location_label,location_fraction,tau,direction,latent_true_component_rank,latent_cap_hit,plain_true_word_rank,plain_cap_hit,rank_ratio,rank_ratio_lower_bound,latent_components_generated,plain_components_generated,latent_queues_touched,latent_hypotheses_available,wall_seconds
RP32_DENSE,RP32_DENSE_c0_early_t0,0,32,24,0.75,dense,7.0,early,0.15,2,1,5,False,,True,,20000.0,5,100000,4,31,0.7899379580048844
RP32_DENSE,RP32_DENSE_c0_early_t1,1,32,24,0.75,dense,7.0,early,0.15,2,1,78,False,,True,,1282.051282051282,78,100000,31,31,0.9093078930163756
RP32_DENSE,RP32_DENSE_c0_early_t2,2,32,24,0.75,dense,7.0,early,0.15,2,1,6,False,,True,,16666.666666666668,6,100000,4,31,0.9063682049745694
RP32_DENSE,RP32_DENSE_c0_early_t3,3,32,24,0.75,dense,7.0,early,0.15,2,1,137,False,,True,,729.92700729927,137,100000,31,31,0.932709903921932
RP32_DENSE,RP32_DENSE_c0_early_t4,4,32,24,0.75,dense,7.0,early,0.15,2,3,9,False,,True,,11111.111111111111,9,100000,5,31,0.8375331939896569
RP32_DENSE,RP32_DENSE_c0_early_t5,5,32,24,0.75,dense,7.0,early,0.15,2,3,7,False,,True,,14285.714285714286,7,100000,5,31,0.8082733670016751
RP32_DENSE,RP32_DENSE_c0_early_t6,6,32,24,0.75,dense,7.0,early,0.15,2,3,7,False,,True,,14285.714285714286,7,100000,5,31,0.9012737270677462
RP32_DENSE,RP32_DENSE_c0_early_t7,7,32,24,0.75,dense,7.0,early,0.15,2,1,7,False,,True,,14285.714285714286,7,100000,4,31,0.9368725860258564
RP32_DENSE,RP32_DENSE_c0_early_t8,8,32,24,0.75,dense,7.0,early,0.15,2,1,6,False,,True,,16666.666666666668,6,100000,4,31,0.929090514080599
RP32_DENSE,RP32_DENSE_c0_early_t9,9,32,24,0.75,dense,7.0,early,0.15,2,3,7,False,,True,,14285.714285714286,7,100000,5,31,0.8738512409618124
RP32_DENSE,RP32_DENSE_c0_early_t10,10,32,24,0.75,dense,7.0,early,0.15,2,1,102,False,,True,,980.3921568627451,102,100000,31,31,0.8565773470327258
RP32_DENSE,RP32_DENSE_c0_early_t11,11,32,24,0.75,dense,7.0,early,0.15,2,1,7,False,,True,,14285.714285714286,7,100000,4,31,0.7704478011000901
RP32_DENSE,RP32_DENSE_c0_early_t12,12,32,24,0.75,dense,7.0,early,0.15,2,3,36,False,,True,,2777.777777777778,36,100000,31,31,0.9432701660552993
RP32_DENSE,RP32_DENSE_c0_early_t13,13,32,24,0.75,dense,7.0,early,0.15,2,1,6,False,,True,,16666.666666666668,6,100000,4,31,0.8737235669977963
RP32_DENSE,RP32_DENSE_c0_early_t14,14,32,24,0.75,dense,7.0,early,0.15,2,3,8,False,,True,,12500.0,8,100000,5,31,0.8876794419484213
RP32_DENSE,RP32_DENSE_c0_early_t15,15,32,24,0.75,dense,7.0,early,0.15,2,1,6,False,,True,,16666.666666666668,6,100000,4,31,0.854292539996095
RP32_DENSE,RP32_DENSE_c0_early_t16,16,32,24,0.75,dense,7.0,early,0.15,2,1,8,False,,True,,12500.0,8,100000,4,31,0.8084404279943556
RP32_DENSE,RP32_DENSE_c0_early_t17,17,32,24,0.75,dense,7.0,early,0.15,2,3,41,False,,True,,2439.0243902439024,41,100000,31,31,0.8715458209626377
RP32_DENSE,RP32_DENSE_c0_early_t18,18,32,24,0.75,dense,7.0,early,0.15,2,1,4,False,,True,,25000.0,4,100000,4,31,0.738849020912312
RP32_DENSE,RP32_DENSE_c0_early_t19,19,32,24,0.75,dense,7.0,early,0.15,2,1,7,False,,True,,14285.714285714286,7,100000,4,31,0.8631999059580266
RP32_DENSE,RP32_DENSE_c0_middle_t0,20,32,24,0.75,dense,7.0,middle,0.5,8,3,128,False,,True,,781.25,128,100000,31,31,0.7757550440728664
RP32_DENSE,RP32_DENSE_c0_middle_t1,21,32,24,0.75,dense,7.0,middle,0.5,8,3,21,False,,True,,4761.9047619047615,21,100000,17,31,0.7936456630704924
RP32_DENSE,RP32_DENSE_c0_middle_t2,22,32,24,0.75,dense,7.0,middle,0.5,8,1,2590,False,,True,,38.61003861003861,2590,100000,31,31,0.6700670580612496
RP32_DENSE,RP32_DENSE_c0_middle_t3,23,32,24,0.75,dense,7.0,middle,0.5,8,3,18,False,,True,,5555.555555555556,18,100000,17,31,0.9309421209618449
RP32_DENSE,RP32_DENSE_c0_middle_t4,24,32,24,0.75,dense,7.0,middle,0.5,8,3,92,False,,True,,1086.9565217391305,92,100000,31,31,0.8199888500384986
RP32_DENSE,RP32_DENSE_c0_middle_t5,25,32,24,0.75,dense,7.0,middle,0.5,8,3,18,False,,True,,5555.555555555556,18,100000,17,31,0.8595842139329761
RP32_DENSE,RP32_DENSE_c0_middle_t6,26,32,24,0.75,dense,7.0,middle,0.5,8,3,19,False,,True,,5263.1578947368425,19,100000,17,31,0.8262338240165263
RP32_DENSE,RP32_DENSE_c0_middle_t7,27,32,24,0.75,dense,7.0,middle,0.5,8,1,18,False,,True,,5555.555555555556,18,100000,16,31,0.7983058170648292
RP32_DENSE,RP32_DENSE_c0_middle_t8,28,32,24,0.75,dense,7.0,middle,0.5,8,3,19,False,,True,,5263.1578947368425,19,100000,17,31,0.7190164679195732
RP32_DENSE,RP32_DENSE_c0_middle_t9,29,32,24,0.75,dense,7.0,middle,0.5,8,1,17,False,,True,,5882.35294117647,17,100000,16,31,0.6877253879792988
RP32_DENSE,RP32_DENSE_c0_middle_t10,30,32,24,0.75,dense,7.0,middle,0.5,8,1,415,False,,True,,240.96385542168676,415,100000,31,31,0.8387561410199851
RP32_DENSE,RP32_DENSE_c0_middle_t11,31,32,24,0.75,dense,7.0,middle,0.5,8,3,18,False,,True,,5555.555555555556,18,100000,17,31,0.7963663820410147
RP32_DENSE,RP32_DENSE_c0_middle_t12,32,32,24,0.75,dense,7.0,middle,0.5,8,3,20,False,,True,,5000.0,20,100000,17,31,0.7892135289730504
RP32_DENSE,RP32_DENSE_c0_middle_t13,33,32,24,0.75,dense,7.0,middle,0.5,8,1,52,False,,True,,1923.076923076923,52,100000,31,31,0.7628825700376183
RP32_DENSE,RP32_DENSE_c0_middle_t14,34,32,24,0.75,dense,7.0,middle,0.5,8,1,18,False,,True,,5555.555555555556,18,100000,16,31,0.9784546659793705
RP32_DENSE,RP32_DENSE_c0_middle_t15,35,32,24,0.75,dense,7.0,middle,0.5,8,1,19,False,,True,,5263.1578947368425,19,100000,16,31,0.8089031659765169
RP32_DENSE,RP32_DENSE_c0_middle_t16,36,32,24,0.75,dense,7.0,middle,0.5,8,3,194,False,,True,,515.4639175257732,194,100000,31,31,0.9271632949821651
RP32_DENSE,RP32_DENSE_c0_middle_t17,37,32,24,0.75,dense,7.0,middle,0.5,8,3,20,False,,True,,5000.0,20,100000,17,31,0.849270481034182
RP32_DENSE,RP32_DENSE_c0_middle_t18,38,32,24,0.75,dense,7.0,middle,0.5,8,3,17,False,,True,,5882.35294117647,17,100000,17,31,0.9210788499331102
RP32_DENSE,RP32_DENSE_c0_middle_t19,39,32,24,0.75,dense,7.0,middle,0.5,8,3,20,False,,True,,5000.0,20,100000,17,31,0.7535154749639332
RP32_DENSE,RP32_DENSE_c0_late_t0,40,32,24,0.75,dense,7.0,late,0.85,14,1,73,False,272.0,False,3.7260273972602738,3.7260273972602738,73,272,31,31,0.0050414359429851174
RP32_DENSE,RP32_DENSE_c0_late_t1,41,32,24,0.75,dense,7.0,late,0.85,14,1,34,False,6115.0,False,179.85294117647058,179.85294117647058,34,6115,28,31,0.04137322201859206
RP32_DENSE,RP32_DENSE_c0_late_t2,42,32,24,0.75,dense,7.0,late,0.85,14,1,198,False,2828.0,False,14.282828282828282,14.282828282828282,198,2828,31,31,0.024426175048574805
RP32_DENSE,RP32_DENSE_c0_late_t3,43,32,24,0.75,dense,7.0,late,0.85,14,1,33,False,989.0,False,29.96969696969697,29.96969696969697,33,989,28,31,0.008455395931378007
RP32_DENSE,RP32_DENSE_c0_late_t4,44,32,24,0.75,dense,7.0,late,0.85,14,3,32,False,17.0,False,0.53125,0.53125,32,17,29,31,0.0019732379587367177
RP32_DENSE,RP32_DENSE_c0_late_t5,45,32,24,0.75,dense,7.0,late,0.85,14,1,30,False,265.0,False,8.833333333333334,8.833333333333334,30,265,28,31,0.0027509710052981973
RP32_DENSE,RP32_DENSE_c0_late_t6,46,32,24,0.75,dense,7.0,late,0.85,14,1,33,False,1089.0,False,33.0,33.0,33,1089,28,31,0.010149016976356506
RP32_DENSE,RP32_DENSE_c0_late_t7,47,32,24,0.75,dense,7.0,late,0.85,14,1,28,False,511.0,False,18.25,18.25,28,511,28,31,0.0040790330385789275
RP32_DENSE,RP32_DENSE_c0_late_t8,48,32,24,0.75,dense,7.0,late,0.85,14,3,31,False,88.0,False,2.838709677419355,2.838709677419355,31,88,29,31,0.0017989020561799407
RP32_DENSE,RP32_DENSE_c0_late_t9,49,32,24,0.75,dense,7.0,late,0.85,14,3,33,False,2719.0,False,82.39393939393939,82.39393939393939,33,2719,29,31,0.016648533986881375
RP32_DENSE,RP32_DENSE_c0_late_t10,50,32,24,0.75,dense,7.0,late,0.85,14,1,30,False,2460.0,False,82.0,82.0,30,2460,28,31,0.013918894925154746
RP32_DENSE,RP32_DENSE_c0_late_t11,51,32,24,0.75,dense,7.0,late,0.85,14,1,29,False,110.0,False,3.793103448275862,3.793103448275862,29,110,28,31,0.0019544430542737246
RP32_DENSE,RP32_DENSE_c0_late_t12,52,32,24,0.75,dense,7.0,late,0.85,14,3,260,False,649.0,False,2.496153846153846,2.496153846153846,260,649,31,31,0.0058637839974835515
RP32_DENSE,RP32_DENSE_c0_late_t13,53,32,24,0.75,dense,7.0,late,0.85,14,3,32,False,119.0,False,3.71875,3.71875,32,119,29,31,0.002103526028804481
RP32_DENSE,RP32_DENSE_c0_late_t14,54,32,24,0.75,dense,7.0,late,0.85,14,1,29,False,3079.0,False,106.17241379310344,106.17241379310344,29,3079,28,31,0.02266258606687188
RP32_DENSE,RP32_DENSE_c0_late_t15,55,32,24,0.75,dense,7.0,late,0.85,14,1,61,False,66.0,False,1.0819672131147542,1.0819672131147542,61,66,31,31,0.0024031579960137606
RP32_DENSE,RP32_DENSE_c0_late_t16,56,32,24,0.75,dense,7.0,late,0.85,14,1,35,False,14575.0,False,416.42857142857144,416.42857142857144,35,14575,28,31,0.10255854693241417
RP32_DENSE,RP32_DENSE_c0_late_t17,57,32,24,0.75,dense,7.0,late,0.85,14,1,31,False,2078.0,False,67.03225806451613,67.03225806451613,31,2078,28,31,0.012767771957442164
RP32_DENSE,RP32_DENSE_c0_late_t18,58,32,24,0.75,dense,7.0,late,0.85,14,3,29,False,935.0,False,32.241379310344826,32.241379310344826,29,935,29,31,0.00650855409912765
RP32_DENSE,RP32_DENSE_c0_late_t19,59,32,24,0.75,dense,7.0,late,0.85,14,3,30,False,185.0,False,6.166666666666667,6.166666666666667,30,185,29,31,0.002247640979476273
RP32_SPARSE,RP32_SPARSE_c0_early_t0,60,32,24,0.75,sparse,7.0,early,0.15,2,1,268,False,,True,,373.13432835820896,268,100000,31,31,0.8452778379432857
RP32_SPARSE,RP32_SPARSE_c0_early_t1,61,32,24,0.75,sparse,7.0,early,0.15,2,1,10,False,,True,,10000.0,10,100000,4,31,0.7458778569707647
RP32_SPARSE,RP32_SPARSE_c0_early_t2,62,32,24,0.75,sparse,7.0,early,0.15,2,3,7,False,,True,,14285.714285714286,7,100000,5,31,0.7629911679541692
RP32_SPARSE,RP32_SPARSE_c0_early_t3,63,32,24,0.75,sparse,7.0,early,0.15,2,3,10,False,,True,,10000.0,10,100000,5,31,0.8307046650443226
RP32_SPARSE,RP32_SPARSE_c0_early_t4,64,32,24,0.75,sparse,7.0,early,0.15,2,3,6,False,,True,,16666.666666666668,6,100000,5,31,0.7869429689599201
RP32_SPARSE,RP32_SPARSE_c0_early_t5,65,32,24,0.75,sparse,7.0,early,0.15,2,3,8,False,,True,,12500.0,8,100000,5,31,0.8621576708974317
RP32_SPARSE,RP32_SPARSE_c0_early_t6,66,32,24,0.75,sparse,7.0,early,0.15,2,1,4,False,,True,,25000.0,4,100000,4,31,0.7972469819942489
RP32_SPARSE,RP32_SPARSE_c0_early_t7,67,32,24,0.75,sparse,7.0,early,0.15,2,1,37,False,,True,,2702.7027027027025,37,100000,31,31,0.8963936950312927
RP32_SPARSE,RP32_SPARSE_c0_early_t8,68,32,24,0.75,sparse,7.0,early,0.15,2,1,5,False,,True,,20000.0,5,100000,4,31,0.7990895410766825
RP32_SPARSE,RP32_SPARSE_c0_early_t9,69,32,24,0.75,sparse,7.0,early,0.15,2,1,245,False,,True,,408.16326530612247,245,100000,31,31,0.9102633009897545
RP32_SPARSE,RP32_SPARSE_c0_early_t10,70,32,24,0.75,sparse,7.0,early,0.15,2,1,7,False,,True,,14285.714285714286,7,100000,4,31,0.7721509810071439
RP32_SPARSE,RP32_SPARSE_c0_early_t11,71,32,24,0.75,sparse,7.0,early,0.15,2,1,8,False,,True,,12500.0,8,100000,4,31,0.8989457379793748
RP32_SPARSE,RP32_SPARSE_c0_early_t12,72,32,24,0.75,sparse,7.0,early,0.15,2,1,4,False,,True,,25000.0,4,100000,4,31,0.7059051869437099
RP32_SPARSE,RP32_SPARSE_c0_early_t13,73,32,24,0.75,sparse,7.0,early,0.15,2,3,6,False,,True,,16666.666666666668,6,100000,5,31,0.7279027129989117
RP32_SPARSE,RP32_SPARSE_c0_early_t14,74,32,24,0.75,sparse,7.0,early,0.15,2,1,4,False,,True,,25000.0,4,100000,4,31,0.8723819289589301
RP32_SPARSE,RP32_SPARSE_c0_early_t15,75,32,24,0.75,sparse,7.0,early,0.15,2,1,5,False,,True,,20000.0,5,100000,4,31,0.7762060010572895
RP32_SPARSE,RP32_SPARSE_c0_early_t16,76,32,24,0.75,sparse,7.0,early,0.15,2,1,4,False,,True,,25000.0,4,100000,4,31,0.8457224159501493
RP32_SPARSE,RP32_SPARSE_c0_early_t17,77,32,24,0.75,sparse,7.0,early,0.15,2,1,5,False,,True,,20000.0,5,100000,4,31,0.7745451299706474
RP32_SPARSE,RP32_SPARSE_c0_early_t18,78,32,24,0.75,sparse,7.0,early,0.15,2,1,74,False,,True,,1351.3513513513512,74,100000,31,31,0.9086925940355286
RP32_SPARSE,RP32_SPARSE_c0_early_t19,79,32,24,0.75,sparse,7.0,early,0.15,2,3,5,False,,True,,20000.0,5,100000,5,31,0.8069124409230426
RP32_SPARSE,RP32_SPARSE_c0_middle_t0,80,32,24,0.75,sparse,7.0,middle,0.5,8,1,20,False,,True,,5000.0,20,100000,16,31,0.8567073430167511
RP32_SPARSE,RP32_SPARSE_c0_middle_t1,81,32,24,0.75,sparse,7.0,middle,0.5,8,1,19,False,,True,,5263.1578947368425,19,100000,16,31,0.8075717960018665
RP32_SPARSE,RP32_SPARSE_c0_middle_t2,82,32,24,0.75,sparse,7.0,middle,0.5,8,1,19,False,,True,,5263.1578947368425,19,100000,16,31,0.8690609449986368
RP32_SPARSE,RP32_SPARSE_c0_middle_t3,83,32,24,0.75,sparse,7.0,middle,0.5,8,1,18,False,,True,,5555.555555555556,18,100000,16,31,0.8514399649575353
RP32_SPARSE,RP32_SPARSE_c0_middle_t4,84,32,24,0.75,sparse,7.0,middle,0.5,8,3,171,False,,True,,584.7953216374269,171,100000,31,31,0.9735863730311394
RP32_SPARSE,RP32_SPARSE_c0_middle_t5,85,32,24,0.75,sparse,7.0,middle,0.5,8,1,17,False,,True,,5882.35294117647,17,100000,16,31,0.753306234953925
RP32_SPARSE,RP32_SPARSE_c0_middle_t6,86,32,24,0.75,sparse,7.0,middle,0.5,8,3,17,False,,True,,5882.35294117647,17,100000,17,31,0.7987919659353793
RP32_SPARSE,RP32_SPARSE_c0_middle_t7,87,32,24,0.75,sparse,7.0,middle,0.5,8,3,21,False,,True,,4761.9047619047615,21,100000,17,31,0.8544237810419872
RP32_SPARSE,RP32_SPARSE_c0_middle_t8,88,32,24,0.75,sparse,7.0,middle,0.5,8,3,17,False,,True,,5882.35294117647,17,100000,17,31,0.7198904850520194
RP32_SPARSE,RP32_SPARSE_c0_middle_t9,89,32,24,0.75,sparse,7.0,middle,0.5,8,3,226,False,,True,,442.4778761061947,226,100000,31,31,0.8761598340934142
RP32_SPARSE,RP32_SPARSE_c0_middle_t10,90,32,24,0.75,sparse,7.0,middle,0.5,8,3,18,False,,True,,5555.555555555556,18,100000,17,31,0.8136409060098231
RP32_SPARSE,RP32_SPARSE_c0_middle_t11,91,32,24,0.75,sparse,7.0,middle,0.5,8,1,21,False,,True,,4761.9047619047615,21,100000,16,31,0.7760062479646876
RP32_SPARSE,RP32_SPARSE_c0_middle_t12,92,32,24,0.75,sparse,7.0,middle,0.5,8,3,19,False,,True,,5263.1578947368425,19,100000,17,31,0.7738171940436587
RP32_SPARSE,RP32_SPARSE_c0_middle_t13,93,32,24,0.75,sparse,7.0,middle,0.5,8,1,54,False,,True,,1851.851851851852,54,100000,31,31,0.8734157949220389
RP32_SPARSE,RP32_SPARSE_c0_middle_t14,94,32,24,0.75,sparse,7.0,middle,0.5,8,1,53,False,,True,,1886.7924528301887,53,100000,31,31,0.8214211999438703
RP32_SPARSE,RP32_SPARSE_c0_middle_t15,95,32,24,0.75,sparse,7.0,middle,0.5,8,3,20,False,,True,,5000.0,20,100000,17,31,0.9236538399709389
RP32_SPARSE,RP32_SPARSE_c0_middle_t16,96,32,24,0.75,sparse,7.0,middle,0.5,8,3,52,False,,True,,1923.076923076923,52,100000,31,31,0.8151663029566407
RP32_SPARSE,RP32_SPARSE_c0_middle_t17,97,32,24,0.75,sparse,7.0,middle,0.5,8,1,21,False,,True,,4761.9047619047615,21,100000,16,31,0.763718276983127
RP32_SPARSE,RP32_SPARSE_c0_middle_t18,98,32,24,0.75,sparse,7.0,middle,0.5,8,3,19,False,,True,,5263.1578947368425,19,100000,17,31,0.7721517900936306
RP32_SPARSE,RP32_SPARSE_c0_middle_t19,99,32,24,0.75,sparse,7.0,middle,0.5,8,1,49,False,,True,,2040.8163265306123,49,100000,31,31,0.7732254950096831
RP32_SPARSE,RP32_SPARSE_c0_late_t0,100,32,24,0.75,sparse,7.0,late,0.85,14,1,31,False,635.0,False,20.483870967741936,20.483870967741936,31,635,28,31,0.005884194979444146
RP32_SPARSE,RP32_SPARSE_c0_late_t1,101,32,24,0.75,sparse,7.0,late,0.85,14,3,207,False,489.0,False,2.36231884057971,2.36231884057971,207,489,31,31,0.0064633049769327044
RP32_SPARSE,RP32_SPARSE_c0_late_t2,102,32,24,0.75,sparse,7.0,late,0.85,14,3,258,False,11503.0,False,44.58527131782946,44.58527131782946,258,11503,31,31,0.07783463399391621
RP32_SPARSE,RP32_SPARSE_c0_late_t3,103,32,24,0.75,sparse,7.0,late,0.85,14,1,35,False,201.0,False,5.742857142857143,5.742857142857143,35,201,28,31,0.002575331018306315
RP32_SPARSE,RP32_SPARSE_c0_late_t4,104,32,24,0.75,sparse,7.0,late,0.85,14,3,30,False,1205.0,False,40.166666666666664,40.166666666666664,30,1205,29,31,0.00826736690942198
RP32_SPARSE,RP32_SPARSE_c0_late_t5,105,32,24,0.75,sparse,7.0,late,0.85,14,3,31,False,398.0,False,12.838709677419354,12.838709677419354,31,398,29,31,0.004424782004207373
RP32_SPARSE,RP32_SPARSE_c0_late_t6,106,32,24,0.75,sparse,7.0,late,0.85,14,1,30,False,3084.0,False,102.8,102.8,30,3084,28,31,0.0196898200083524
RP32_SPARSE,RP32_SPARSE_c0_late_t7,107,32,24,0.75,sparse,7.0,late,0.85,14,1,30,False,743.0,False,24.766666666666666,24.766666666666666,30,743,28,31,0.005305520026013255
RP32_SPARSE,RP32_SPARSE_c0_late_t8,108,32,24,0.75,sparse,7.0,late,0.85,14,3,108,False,1010.0,False,9.351851851851851,9.351851851851851,108,1010,31,31,0.007397306966595352
RP32_SPARSE,RP32_SPARSE_c0_late_t9,109,32,24,0.75,sparse,7.0,late,0.85,14,1,30,False,1777.0,False,59.233333333333334,59.233333333333334,30,1777,28,31,0.010356782004237175
RP32_SPARSE,RP32_SPARSE_c0_late_t10,110,32,24,0.75,sparse,7.0,late,0.85,14,1,61,False,32.0,False,0.5245901639344263,0.5245901639344263,61,32,31,31,0.0017822090303525329
RP32_SPARSE,RP32_SPARSE_c0_late_t11,111,32,24,0.75,sparse,7.0,late,0.85,14,1,65,False,339.0,False,5.2153846153846155,5.2153846153846155,65,339,31,31,0.003200446953997016
RP32_SPARSE,RP32_SPARSE_c0_late_t12,112,32,24,0.75,sparse,7.0,late,0.85,14,1,32,False,3387.0,False,105.84375,105.84375,32,3387,28,31,0.02212079695891589
RP32_SPARSE,RP32_SPARSE_c0_late_t13,113,32,24,0.75,sparse,7.0,late,0.85,14,3,100,False,1155.0,False,11.55,11.55,100,1155,31,31,0.010460318066179752
RP32_SPARSE,RP32_SPARSE_c0_late_t14,114,32,24,0.75,sparse,7.0,late,0.85,14,1,31,False,1646.0,False,53.096774193548384,53.096774193548384,31,1646,28,31,0.010422570980153978
RP32_SPARSE,RP32_SPARSE_c0_late_t15,115,32,24,0.75,sparse,7.0,late,0.85,14,1,31,False,1830.0,False,59.03225806451613,59.03225806451613,31,1830,28,31,0.010780018987134099
RP32_SPARSE,RP32_SPARSE_c0_late_t16,116,32,24,0.75,sparse,7.0,late,0.85,14,3,63,False,9.0,False,0.14285714285714285,0.14285714285714285,63,9,31,31,0.0015521100722253323
RP32_SPARSE,RP32_SPARSE_c0_late_t17,117,32,24,0.75,sparse,7.0,late,0.85,14,3,126,False,103.0,False,0.8174603174603174,0.8174603174603174,126,103,31,31,0.0022790380753576756
RP32_SPARSE,RP32_SPARSE_c0_late_t18,118,32,24,0.75,sparse,7.0,late,0.85,14,1,61,False,2258.0,False,37.01639344262295,37.01639344262295,61,2258,31,31,0.016174656921066344
RP32_SPARSE,RP32_SPARSE_c0_late_t19,119,32,24,0.75,sparse,7.0,late,0.85,14,3,32,False,1444.0,False,45.125,45.125,32,1444,29,31,0.012345231953077018
RP64_DENSE,RP64_DENSE_c0_early_t0,120,64,48,0.75,dense,8.0,early,0.15,5,1,142,False,,True,,704.2253521126761,142,100000,63,63,0.7845602940069512
RP64_DENSE,RP64_DENSE_c0_early_t1,121,64,48,0.75,dense,8.0,early,0.15,5,1,84,False,,True,,1190.4761904761904,84,100000,63,63,0.7129593990975991
RP64_DENSE,RP64_DENSE_c0_early_t2,122,64,48,0.75,dense,8.0,early,0.15,5,3,13,False,,True,,7692.307692307692,13,100000,11,63,0.8494803119683638
RP64_DENSE,RP64_DENSE_c0_early_t3,123,64,48,0.75,dense,8.0,early,0.15,5,3,76,False,,True,,1315.7894736842106,76,100000,63,63,0.7415943840751424
RP64_DENSE,RP64_DENSE_c0_early_t4,124,64,48,0.75,dense,8.0,early,0.15,5,1,13,False,,True,,7692.307692307692,13,100000,10,63,0.7762443349929526
RP64_DENSE,RP64_DENSE_c0_early_t5,125,64,48,0.75,dense,8.0,early,0.15,5,1,14,False,,True,,7142.857142857143,14,100000,10,63,0.7482750689378008
RP64_DENSE,RP64_DENSE_c0_early_t6,126,64,48,0.75,dense,8.0,early,0.15,5,3,12,False,,True,,8333.333333333334,12,100000,11,63,0.8627061460865662
RP64_DENSE,RP64_DENSE_c0_early_t7,127,64,48,0.75,dense,8.0,early,0.15,5,1,77,False,,True,,1298.7012987012988,77,100000,63,63,0.7417747740400955
RP64_DENSE,RP64_DENSE_c0_early_t8,128,64,48,0.75,dense,8.0,early,0.15,5,1,13,False,,True,,7692.307692307692,13,100000,10,63,0.7532785449875519
RP64_DENSE,RP64_DENSE_c0_early_t9,129,64,48,0.75,dense,8.0,early,0.15,5,1,12,False,,True,,8333.333333333334,12,100000,10,63,0.7568004600470886
RP64_DENSE,RP64_DENSE_c0_early_t10,130,64,48,0.75,dense,8.0,early,0.15,5,3,13,False,,True,,7692.307692307692,13,100000,11,63,0.8297397210262716
RP64_DENSE,RP64_DENSE_c0_early_t11,131,64,48,0.75,dense,8.0,early,0.15,5,1,10,False,,True,,10000.0,10,100000,10,63,0.7445470979437232
RP64_DENSE,RP64_DENSE_c0_early_t12,132,64,48,0.75,dense,8.0,early,0.15,5,1,80,False,,True,,1250.0,80,100000,63,63,0.8404944650828838
RP64_DENSE,RP64_DENSE_c0_early_t13,133,64,48,0.75,dense,8.0,early,0.15,5,3,14,False,,True,,7142.857142857143,14,100000,11,63,0.8676048340275884
RP64_DENSE,RP64_DENSE_c0_early_t14,134,64,48,0.75,dense,8.0,early,0.15,5,3,85,False,,True,,1176.4705882352941,85,100000,63,63,0.7648398800520226
RP64_DENSE,RP64_DENSE_c0_middle_t0,135,64,48,0.75,dense,8.0,middle,0.5,16,3,33,False,,True,,3030.3030303030305,33,100000,33,63,0.8331395080313087
RP64_DENSE,RP64_DENSE_c0_middle_t1,136,64,48,0.75,dense,8.0,middle,0.5,16,3,33,False,,True,,3030.3030303030305,33,100000,33,63,0.7802267420338467
RP64_DENSE,RP64_DENSE_c0_middle_t2,137,64,48,0.75,dense,8.0,middle,0.5,16,1,104,False,,True,,961.5384615384615,104,100000,63,63,0.8472171409521252
RP64_DENSE,RP64_DENSE_c0_middle_t3,138,64,48,0.75,dense,8.0,middle,0.5,16,1,34,False,,True,,2941.176470588235,34,100000,32,63,0.713399805012159
RP64_DENSE,RP64_DENSE_c0_middle_t4,139,64,48,0.75,dense,8.0,middle,0.5,16,1,37,False,,True,,2702.7027027027025,37,100000,32,63,0.8082147620152682
RP64_DENSE,RP64_DENSE_c0_middle_t5,140,64,48,0.75,dense,8.0,middle,0.5,16,1,37,False,,True,,2702.7027027027025,37,100000,32,63,0.7369256049860269
RP64_DENSE,RP64_DENSE_c0_middle_t6,141,64,48,0.75,dense,8.0,middle,0.5,16,1,33,False,,True,,3030.3030303030305,33,100000,32,63,0.7868874260457233
RP64_DENSE,RP64_DENSE_c0_middle_t7,142,64,48,0.75,dense,8.0,middle,0.5,16,3,39,False,,True,,2564.102564102564,39,100000,33,63,0.711297887028195
RP64_DENSE,RP64_DENSE_c0_middle_t8,143,64,48,0.75,dense,8.0,middle,0.5,16,3,38,False,,True,,2631.5789473684213,38,100000,33,63,0.8062285729683936
RP64_DENSE,RP64_DENSE_c0_middle_t9,144,64,48,0.75,dense,8.0,middle,0.5,16,3,38,False,,True,,2631.5789473684213,38,100000,33,63,0.6316724530188367
RP64_DENSE,RP64_DENSE_c0_middle_t10,145,64,48,0.75,dense,8.0,middle,0.5,16,1,176,False,,True,,568.1818181818181,176,100000,63,63,0.8217064280761406
RP64_DENSE,RP64_DENSE_c0_middle_t11,146,64,48,0.75,dense,8.0,middle,0.5,16,3,33,False,,True,,3030.3030303030305,33,100000,33,63,0.7564770800527185
RP64_DENSE,RP64_DENSE_c0_middle_t12,147,64,48,0.75,dense,8.0,middle,0.5,16,3,34,False,,True,,2941.176470588235,34,100000,33,63,0.7297529209172353
RP64_DENSE,RP64_DENSE_c0_middle_t13,148,64,48,0.75,dense,8.0,middle,0.5,16,1,33,False,,True,,3030.3030303030305,33,100000,32,63,0.7960206780117005
RP64_DENSE,RP64_DENSE_c0_middle_t14,149,64,48,0.75,dense,8.0,middle,0.5,16,3,37,False,,True,,2702.7027027027025,37,100000,33,63,0.7602589129237458
RP64_DENSE,RP64_DENSE_c0_late_t0,150,64,48,0.75,dense,8.0,late,0.85,27,1,55,False,,True,,1818.1818181818182,55,100000,54,63,0.7875339470338076
RP64_DENSE,RP64_DENSE_c0_late_t1,151,64,48,0.75,dense,8.0,late,0.85,27,3,56,False,,True,,1785.7142857142858,56,100000,55,63,0.7023284399183467
RP64_DENSE,RP64_DENSE_c0_late_t2,152,64,48,0.75,dense,8.0,late,0.85,27,3,57,False,,True,,1754.3859649122808,57,100000,55,63,0.7629871470853686
RP64_DENSE,RP64_DENSE_c0_late_t3,153,64,48,0.75,dense,8.0,late,0.85,27,3,62,False,,True,,1612.9032258064517,62,100000,55,63,0.7084608140867203
RP64_DENSE,RP64_DENSE_c0_late_t4,154,64,48,0.75,dense,8.0,late,0.85,27,1,59,False,,True,,1694.915254237288,59,100000,54,63,0.8192114180419594
RP64_DENSE,RP64_DENSE_c0_late_t5,155,64,48,0.75,dense,8.0,late,0.85,27,1,55,False,,True,,1818.1818181818182,55,100000,54,63,0.729431711952202
RP64_DENSE,RP64_DENSE_c0_late_t6,156,64,48,0.75,dense,8.0,late,0.85,27,1,320,False,,True,,312.5,320,100000,63,63,0.8184182289987803
RP64_DENSE,RP64_DENSE_c0_late_t7,157,64,48,0.75,dense,8.0,late,0.85,27,1,121,False,,True,,826.4462809917355,121,100000,63,63,0.7004638460930437
RP64_DENSE,RP64_DENSE_c0_late_t8,158,64,48,0.75,dense,8.0,late,0.85,27,3,59,False,,True,,1694.915254237288,59,100000,55,63,0.7565369930816814
RP64_DENSE,RP64_DENSE_c0_late_t9,159,64,48,0.75,dense,8.0,late,0.85,27,1,59,False,,True,,1694.915254237288,59,100000,54,63,0.743837591027841
RP64_DENSE,RP64_DENSE_c0_late_t10,160,64,48,0.75,dense,8.0,late,0.85,27,1,54,False,,True,,1851.851851851852,54,100000,54,63,0.7186959489481524
RP64_DENSE,RP64_DENSE_c0_late_t11,161,64,48,0.75,dense,8.0,late,0.85,27,1,57,False,,True,,1754.3859649122808,57,100000,54,63,0.857656356994994
RP64_DENSE,RP64_DENSE_c0_late_t12,162,64,48,0.75,dense,8.0,late,0.85,27,3,57,False,,True,,1754.3859649122808,57,100000,55,63,0.7403442219365388
RP64_DENSE,RP64_DENSE_c0_late_t13,163,64,48,0.75,dense,8.0,late,0.85,27,1,123,False,,True,,813.0081300813008,123,100000,63,63,0.8680530190467834
RP64_DENSE,RP64_DENSE_c0_late_t14,164,64,48,0.75,dense,8.0,late,0.85,27,3,58,False,,True,,1724.1379310344828,58,100000,55,63,0.731280606938526
RP64_SPARSE,RP64_SPARSE_c0_early_t0,165,64,48,0.75,sparse,8.0,early,0.15,5,1,12,False,,True,,8333.333333333334,12,100000,10,63,0.8705404039938003
RP64_SPARSE,RP64_SPARSE_c0_early_t1,166,64,48,0.75,sparse,8.0,early,0.15,5,1,420,False,,True,,238.0952380952381,420,100000,63,63,0.7771773679414764
RP64_SPARSE,RP64_SPARSE_c0_early_t2,167,64,48,0.75,sparse,8.0,early,0.15,5,1,11,False,,True,,9090.90909090909,11,100000,10,63,0.8576215819921345
RP64_SPARSE,RP64_SPARSE_c0_early_t3,168,64,48,0.75,sparse,8.0,early,0.15,5,3,17,False,,True,,5882.35294117647,17,100000,11,63,0.7420706029515713
RP64_SPARSE,RP64_SPARSE_c0_early_t4,169,64,48,0.75,sparse,8.0,early,0.15,5,3,426,False,,True,,234.7417840375587,426,100000,63,63,0.8322227459866554
RP64_SPARSE,RP64_SPARSE_c0_early_t5,170,64,48,0.75,sparse,8.0,early,0.15,5,1,79,False,,True,,1265.8227848101267,79,100000,63,63,0.7488064450444654
RP64_SPARSE,RP64_SPARSE_c0_early_t6,171,64,48,0.75,sparse,8.0,early,0.15,5,1,89,False,,True,,1123.5955056179776,89,100000,63,63,0.8560142259811983
RP64_SPARSE,RP64_SPARSE_c0_early_t7,172,64,48,0.75,sparse,8.0,early,0.15,5,1,13,False,,True,,7692.307692307692,13,100000,10,63,0.9016574410488829
RP64_SPARSE,RP64_SPARSE_c0_early_t8,173,64,48,0.75,sparse,8.0,early,0.15,5,1,151,False,,True,,662.2516556291391,151,100000,63,63,0.7190006589516997
RP64_SPARSE,RP64_SPARSE_c0_early_t9,174,64,48,0.75,sparse,8.0,early,0.15,5,1,12,False,,True,,8333.333333333334,12,100000,10,63,0.8463747560745105
RP64_SPARSE,RP64_SPARSE_c0_early_t10,175,64,48,0.75,sparse,8.0,early,0.15,5,3,12,False,,True,,8333.333333333334,12,100000,11,63,0.7333889229921624
RP64_SPARSE,RP64_SPARSE_c0_early_t11,176,64,48,0.75,sparse,8.0,early,0.15,5,1,12,False,,True,,8333.333333333334,12,100000,10,63,0.7997121319640428
RP64_SPARSE,RP64_SPARSE_c0_early_t12,177,64,48,0.75,sparse,8.0,early,0.15,5,3,16,False,,True,,6250.0,16,100000,11,63,0.726736758952029
RP64_SPARSE,RP64_SPARSE_c0_early_t13,178,64,48,0.75,sparse,8.0,early,0.15,5,1,480,False,,True,,208.33333333333334,480,100000,63,63,0.8662001410266384
RP64_SPARSE,RP64_SPARSE_c0_early_t14,179,64,48,0.75,sparse,8.0,early,0.15,5,3,12,False,,True,,8333.333333333334,12,100000,11,63,0.7331739149522036
RP64_SPARSE,RP64_SPARSE_c0_middle_t0,180,64,48,0.75,sparse,8.0,middle,0.5,16,3,34,False,,True,,2941.176470588235,34,100000,33,63,0.8115868769818917
RP64_SPARSE,RP64_SPARSE_c0_middle_t1,181,64,48,0.75,sparse,8.0,middle,0.5,16,3,96,False,,True,,1041.6666666666667,96,100000,63,63,0.7317833879496902
RP64_SPARSE,RP64_SPARSE_c0_middle_t2,182,64,48,0.75,sparse,8.0,middle,0.5,16,3,48,False,,True,,2083.3333333333335,48,100000,33,63,0.8283040270907804
RP64_SPARSE,RP64_SPARSE_c0_middle_t3,183,64,48,0.75,sparse,8.0,middle,0.5,16,3,34,False,,True,,2941.176470588235,34,100000,33,63,0.7405648530693725
RP64_SPARSE,RP64_SPARSE_c0_middle_t4,184,64,48,0.75,sparse,8.0,middle,0.5,16,3,34,False,,True,,2941.176470588235,34,100000,33,63,0.7392589990049601
RP64_SPARSE,RP64_SPARSE_c0_middle_t5,185,64,48,0.75,sparse,8.0,middle,0.5,16,1,166,False,,True,,602.4096385542168,166,100000,63,63,0.84476332901977
RP64_SPARSE,RP64_SPARSE_c0_middle_t6,186,64,48,0.75,sparse,8.0,middle,0.5,16,3,37,False,,True,,2702.7027027027025,37,100000,33,63,0.7535445110406727
RP64_SPARSE,RP64_SPARSE_c0_middle_t7,187,64,48,0.75,sparse,8.0,middle,0.5,16,3,46,False,,True,,2173.913043478261,46,100000,33,63,0.7777357120066881
RP64_SPARSE,RP64_SPARSE_c0_middle_t8,188,64,48,0.75,sparse,8.0,middle,0.5,16,3,40,False,,True,,2500.0,40,100000,33,63,0.7563897019717842
RP64_SPARSE,RP64_SPARSE_c0_middle_t9,189,64,48,0.75,sparse,8.0,middle,0.5,16,1,101,False,,True,,990.0990099009902,101,100000,63,63,0.8215919119538739
RP64_SPARSE,RP64_SPARSE_c0_middle_t10,190,64,48,0.75,sparse,8.0,middle,0.5,16,3,104,False,,True,,961.5384615384615,104,100000,63,63,0.7567402350250632
RP64_SPARSE,RP64_SPARSE_c0_middle_t11,191,64,48,0.75,sparse,8.0,middle,0.5,16,1,41,False,,True,,2439.0243902439024,41,100000,32,63,0.8725262969965115
RP64_SPARSE,RP64_SPARSE_c0_middle_t12,192,64,48,0.75,sparse,8.0,middle,0.5,16,3,105,False,,True,,952.3809523809524,105,100000,63,63,0.770652860053815
RP64_SPARSE,RP64_SPARSE_c0_middle_t13,193,64,48,0.75,sparse,8.0,middle,0.5,16,3,34,False,,True,,2941.176470588235,34,100000,33,63,0.7985629789764062
RP64_SPARSE,RP64_SPARSE_c0_middle_t14,194,64,48,0.75,sparse,8.0,middle,0.5,16,1,305,False,,True,,327.8688524590164,305,100000,63,63,0.7171652920078486
RP64_SPARSE,RP64_SPARSE_c0_late_t0,195,64,48,0.75,sparse,8.0,late,0.85,27,1,129,False,,True,,775.1937984496124,129,100000,63,63,0.8701880340231583
RP64_SPARSE,RP64_SPARSE_c0_late_t1,196,64,48,0.75,sparse,8.0,late,0.85,27,1,398,False,,True,,251.25628140703517,398,100000,63,63,0.7709362129680812
RP64_SPARSE,RP64_SPARSE_c0_late_t2,197,64,48,0.75,sparse,8.0,late,0.85,27,3,58,False,,True,,1724.1379310344828,58,100000,55,63,0.7185664880089462
RP64_SPARSE,RP64_SPARSE_c0_late_t3,198,64,48,0.75,sparse,8.0,late,0.85,27,1,59,False,,True,,1694.915254237288,59,100000,54,63,0.8245161329396069
RP64_SPARSE,RP64_SPARSE_c0_late_t4,199,64,48,0.75,sparse,8.0,late,0.85,27,3,56,False,,True,,1785.7142857142858,56,100000,55,63,0.7193046130705625
RP64_SPARSE,RP64_SPARSE_c0_late_t5,200,64,48,0.75,sparse,8.0,late,0.85,27,1,56,False,,True,,1785.7142857142858,56,100000,54,63,0.815319319954142
RP64_SPARSE,RP64_SPARSE_c0_late_t6,201,64,48,0.75,sparse,8.0,late,0.85,27,3,58,False,,True,,1724.1379310344828,58,100000,55,63,0.7679634999949485
RP64_SPARSE,RP64_SPARSE_c0_late_t7,202,64,48,0.75,sparse,8.0,late,0.85,27,1,263,False,,True,,380.22813688212926,263,100000,63,63,0.8542865179479122
RP64_SPARSE,RP64_SPARSE_c0_late_t8,203,64,48,0.75,sparse,8.0,late,0.85,27,3,184,False,,True,,543.4782608695652,184,100000,63,63,0.7628583050100133
RP64_SPARSE,RP64_SPARSE_c0_late_t9,204,64,48,0.75,sparse,8.0,late,0.85,27,1,55,False,,True,,1818.1818181818182,55,100000,54,63,0.8076464069308713
RP64_SPARSE,RP64_SPARSE_c0_late_t10,205,64,48,0.75,sparse,8.0,late,0.85,27,1,58,False,,True,,1724.1379310344828,58,100000,54,63,0.7550008510006592
RP64_SPARSE,RP64_SPARSE_c0_late_t11,206,64,48,0.75,sparse,8.0,late,0.85,27,1,59,False,,True,,1694.915254237288,59,100000,54,63,0.8402421500068158
RP64_SPARSE,RP64_SPARSE_c0_late_t12,207,64,48,0.75,sparse,8.0,late,0.85,27,3,118,False,,True,,847.457627118644,118,100000,63,63,0.787564660073258
RP64_SPARSE,RP64_SPARSE_c0_late_t13,208,64,48,0.75,sparse,8.0,late,0.85,27,3,59,False,,True,,1694.915254237288,59,100000,55,63,0.8548121440690011
RP64_SPARSE,RP64_SPARSE_c0_late_t14,209,64,48,0.75,sparse,8.0,late,0.85,27,3,57,False,,True,,1754.3859649122808,57,100000,55,63,0.7534479710739106
RP128_DENSE,RP128_DENSE_c0_early_t0,210,128,104,0.8125,dense,8.0,early,0.15,10,3,27,False,,True,,3703.703703703704,27,100000,21,127,0.7464866719674319
RP128_DENSE,RP128_DENSE_c0_early_t1,211,128,104,0.8125,dense,8.0,early,0.15,10,3,1077,False,,True,,92.85051067780873,1077,100000,127,127,0.8226881900336593
RP128_DENSE,RP128_DENSE_c0_early_t2,212,128,104,0.8125,dense,8.0,early,0.15,10,3,37,False,,True,,2702.7027027027025,37,100000,21,127,0.7784757859772071
RP128_DENSE,RP128_DENSE_c0_early_t3,213,128,104,0.8125,dense,8.0,early,0.15,10,1,46,False,,True,,2173.913043478261,46,100000,20,127,0.8254016221035272
RP128_DENSE,RP128_DENSE_c0_early_t4,214,128,104,0.8125,dense,8.0,early,0.15,10,3,34,False,,True,,2941.176470588235,34,100000,21,127,0.7160889561055228
RP128_DENSE,RP128_DENSE_c0_early_t5,215,128,104,0.8125,dense,8.0,early,0.15,10,1,157,False,,True,,636.9426751592357,157,100000,127,127,0.8383158639771864
RP128_DENSE,RP128_DENSE_c0_early_t6,216,128,104,0.8125,dense,8.0,early,0.15,10,3,581,False,,True,,172.1170395869191,581,100000,127,127,0.7763900450663641
RP128_DENSE,RP128_DENSE_c0_early_t7,217,128,104,0.8125,dense,8.0,early,0.15,10,3,32,False,,True,,3125.0,32,100000,21,127,0.8437434190418571
RP128_DENSE,RP128_DENSE_c0_middle_t0,218,128,104,0.8125,dense,8.0,middle,0.5,32,3,74,False,,True,,1351.3513513513512,74,100000,65,127,0.809994408977218
RP128_DENSE,RP128_DENSE_c0_middle_t1,219,128,104,0.8125,dense,8.0,middle,0.5,32,3,69,False,,True,,1449.2753623188405,69,100000,65,127,0.7987078200094402
RP128_DENSE,RP128_DENSE_c0_middle_t2,220,128,104,0.8125,dense,8.0,middle,0.5,32,3,75,False,,True,,1333.3333333333333,75,100000,65,127,0.7137683050241321
RP128_DENSE,RP128_DENSE_c0_middle_t3,221,128,104,0.8125,dense,8.0,middle,0.5,32,1,2709,False,,True,,36.913990402362494,2709,100000,127,127,0.7998942909762263
RP128_DENSE,RP128_DENSE_c0_middle_t4,222,128,104,0.8125,dense,8.0,middle,0.5,32,3,74,False,,True,,1351.3513513513512,74,100000,65,127,0.7468036690261215
RP128_DENSE,RP128_DENSE_c0_middle_t5,223,128,104,0.8125,dense,8.0,middle,0.5,32,3,203,False,,True,,492.61083743842363,203,100000,127,127,0.715851345914416
RP128_DENSE,RP128_DENSE_c0_middle_t6,224,128,104,0.8125,dense,8.0,middle,0.5,32,1,75,False,,True,,1333.3333333333333,75,100000,64,127,0.814765588962473
RP128_DENSE,RP128_DENSE_c0_middle_t7,225,128,104,0.8125,dense,8.0,middle,0.5,32,3,1791,False,,True,,55.83472920156337,1791,100000,127,127,0.74741025804542
RP128_DENSE,RP128_DENSE_c0_late_t0,226,128,104,0.8125,dense,8.0,late,0.85,54,1,244,False,,True,,409.8360655737705,244,100000,127,127,0.8354029119946063
RP128_DENSE,RP128_DENSE_c0_late_t1,227,128,104,0.8125,dense,8.0,late,0.85,54,1,923,False,,True,,108.34236186348862,923,100000,127,127,0.7483897749334574
RP128_DENSE,RP128_DENSE_c0_late_t2,228,128,104,0.8125,dense,8.0,late,0.85,54,3,4550,False,,True,,21.978021978021978,4550,100000,127,127,0.8167151770321652
RP128_DENSE,RP128_DENSE_c0_late_t3,229,128,104,0.8125,dense,8.0,late,0.85,54,3,250,False,,True,,400.0,250,100000,127,127,0.8051795419305563
RP128_DENSE,RP128_DENSE_c0_late_t4,230,128,104,0.8125,dense,8.0,late,0.85,54,3,9732,False,,True,,10.275380189066995,9732,100000,127,127,0.8894829679047689
RP128_DENSE,RP128_DENSE_c0_late_t5,231,128,104,0.8125,dense,8.0,late,0.85,54,3,5129,False,,True,,19.496977968414896,5129,100000,127,127,0.8092024150537327
RP128_DENSE,RP128_DENSE_c0_late_t6,232,128,104,0.8125,dense,8.0,late,0.85,54,1,136,False,,True,,735.2941176470588,136,100000,108,127,0.8008322339737788
RP128_DENSE,RP128_DENSE_c0_late_t7,233,128,104,0.8125,dense,8.0,late,0.85,54,3,122,False,,True,,819.672131147541,122,100000,109,127,0.7498620089609176
RP128_SPARSE,RP128_SPARSE_c0_early_t0,234,128,104,0.8125,sparse,8.0,early,0.15,10,1,33,False,,True,,3030.3030303030305,33,100000,20,127,0.8170244450448081
RP128_SPARSE,RP128_SPARSE_c0_early_t1,235,128,104,0.8125,sparse,8.0,early,0.15,10,3,439,False,,True,,227.79043280182233,439,100000,127,127,0.736341166892089
RP128_SPARSE,RP128_SPARSE_c0_early_t2,236,128,104,0.8125,sparse,8.0,early,0.15,10,1,1330,False,,True,,75.18796992481202,1330,100000,127,127,0.8746741509530693
RP128_SPARSE,RP128_SPARSE_c0_early_t3,237,128,104,0.8125,sparse,8.0,early,0.15,10,1,27,False,,True,,3703.703703703704,27,100000,20,127,0.7242571490351111
RP128_SPARSE,RP128_SPARSE_c0_early_t4,238,128,104,0.8125,sparse,8.0,early,0.15,10,3,26,False,,True,,3846.153846153846,26,100000,21,127,0.8252938290825114
RP128_SPARSE,RP128_SPARSE_c0_early_t5,239,128,104,0.8125,sparse,8.0,early,0.15,10,3,841,False,,True,,118.90606420927467,841,100000,127,127,0.7744621670572087
RP128_SPARSE,RP128_SPARSE_c0_early_t6,240,128,104,0.8125,sparse,8.0,early,0.15,10,1,25,False,,True,,4000.0,25,100000,20,127,0.6981031189206988
RP128_SPARSE,RP128_SPARSE_c0_early_t7,241,128,104,0.8125,sparse,8.0,early,0.15,10,3,28,False,,True,,3571.4285714285716,28,100000,21,127,0.8060259360354394
RP128_SPARSE,RP128_SPARSE_c0_middle_t0,242,128,104,0.8125,sparse,8.0,middle,0.5,32,3,73,False,,True,,1369.86301369863,73,100000,65,127,0.7022952879779041
RP128_SPARSE,RP128_SPARSE_c0_middle_t1,243,128,104,0.8125,sparse,8.0,middle,0.5,32,1,84,False,,True,,1190.4761904761904,84,100000,64,127,0.8510883939452469
RP128_SPARSE,RP128_SPARSE_c0_middle_t2,244,128,104,0.8125,sparse,8.0,middle,0.5,32,3,78,False,,True,,1282.051282051282,78,100000,65,127,0.7419251300161704
RP128_SPARSE,RP128_SPARSE_c0_middle_t3,245,128,104,0.8125,sparse,8.0,middle,0.5,32,1,879,False,,True,,113.76564277588169,879,100000,127,127,0.6871867489535362
RP128_SPARSE,RP128_SPARSE_c0_middle_t4,246,128,104,0.8125,sparse,8.0,middle,0.5,32,1,99,False,,True,,1010.10101010101,99,100000,64,127,0.7642361780162901
RP128_SPARSE,RP128_SPARSE_c0_middle_t5,247,128,104,0.8125,sparse,8.0,middle,0.5,32,3,1290,False,,True,,77.51937984496124,1290,100000,127,127,0.8949335659854114
RP128_SPARSE,RP128_SPARSE_c0_middle_t6,248,128,104,0.8125,sparse,8.0,middle,0.5,32,1,329,False,,True,,303.951367781155,329,100000,127,127,0.7283191010355949
RP128_SPARSE,RP128_SPARSE_c0_middle_t7,249,128,104,0.8125,sparse,8.0,middle,0.5,32,1,68,False,,True,,1470.5882352941176,68,100000,64,127,0.8130228830268607
RP128_SPARSE,RP128_SPARSE_c0_late_t0,250,128,104,0.8125,sparse,8.0,late,0.85,54,1,11010,False,,True,,9.082652134423252,11010,100000,127,127,0.8346774789970368
RP128_SPARSE,RP128_SPARSE_c0_late_t1,251,128,104,0.8125,sparse,8.0,late,0.85,54,1,113,False,,True,,884.9557522123894,113,100000,108,127,0.8635522649856284
RP128_SPARSE,RP128_SPARSE_c0_late_t2,252,128,104,0.8125,sparse,8.0,late,0.85,54,1,252,False,,True,,396.8253968253968,252,100000,127,127,0.7605023509822786
RP128_SPARSE,RP128_SPARSE_c0_late_t3,253,128,104,0.8125,sparse,8.0,late,0.85,54,3,122,False,,True,,819.672131147541,122,100000,109,127,0.7786221940768883
RP128_SPARSE,RP128_SPARSE_c0_late_t4,254,128,104,0.8125,sparse,8.0,late,0.85,54,3,271,False,,True,,369.00369003690037,271,100000,127,127,0.7669707039603963
RP128_SPARSE,RP128_SPARSE_c0_late_t5,255,128,104,0.8125,sparse,8.0,late,0.85,54,3,150,False,,True,,666.6666666666666,150,100000,109,127,0.8513442609691992
RP128_SPARSE,RP128_SPARSE_c0_late_t6,256,128,104,0.8125,sparse,8.0,late,0.85,54,3,668,False,,True,,149.7005988023952,668,100000,127,127,0.8128076939610764
RP128_SPARSE,RP128_SPARSE_c0_late_t7,257,128,104,0.8125,sparse,8.0,late,0.85,54,3,254,False,,True,,393.7007874015748,254,100000,127,127,0.7168784119421616
