experiment,case_id,trial_id,n,k,rate,family,snr_db,true_label,states,full_cartesian_pairs,oracle_marginal_int,oracle_joint_int,transmitted_int,oracle_tie,oracle_margin_log,certified,ls_decoded_int,ls_matches_marginal,certificate_verified,first_decoded_int,first_matches_marginal,joint_matches_marginal,marginal_error,joint_error,first_error,direct_probability_check,membership_queries,query_fraction_of_cartesian,latent_queues_touched,queue_touch_fraction,valid_witnesses,unique_codewords_seen,certificate_query_overhead,certificate_margin_log,ls_cap_hit,ls_wall_seconds,first_queries,first_wall_seconds
exactness,E10_DENSE,0,10,7,0.7,dense,7.0,slip_1_1,9,9216,915,819,819,False,0.009693879571354813,True,915,True,True,819,False,False,True,False,False,True,34,0.003689236111111111,9,1.0,7,6,4.857142857142857,0.001506202303925619,False,0.001268019899725914,3,0.0001913399901241064
exactness,E10_DENSE,1,10,7,0.7,dense,7.0,slip_4_3,9,9216,709,609,709,False,6.724495113630269e-06,True,709,True,True,609,False,False,False,True,True,True,116,0.012586805555555556,9,1.0,18,14,12.88888888888889,2.268771757130139e-07,False,0.006168766994960606,3,0.0001927770208567381
exactness,E10_DENSE,2,10,7,0.7,dense,5.0,no_slip,9,9216,795,795,795,False,1.0781134263914618,True,795,True,True,795,True,True,False,False,False,True,24,0.0026041666666666665,9,1.0,3,3,8.0,0.003784971532696524,False,0.0007485529640689492,3,0.00018036598339676857
exactness,E10_DENSE,3,10,7,0.7,dense,-1.0,no_slip,9,9216,412,412,916,False,0.4088607034760319,True,412,True,True,412,True,True,True,True,True,True,200,0.021701388888888888,9,1.0,24,18,33.333333333333336,0.0019366483627116793,False,0.013887697947211564,6,0.0002507660537958145
exactness,E10_DENSE,4,10,7,0.7,dense,-1.0,slip_1_3,9,9216,415,415,405,False,0.6674736296683541,True,415,True,True,415,True,True,True,True,True,True,59,0.006401909722222222,9,1.0,9,6,14.75,0.0069790212776439375,False,0.0019556499319151044,4,0.00019131996668875217
exactness,E10_DENSE,5,10,7,0.7,dense,5.0,no_slip,9,9216,657,657,657,False,1.9055094125320986,True,657,True,True,657,True,True,False,False,False,True,8,0.0008680555555555555,7,0.7777777777777778,2,2,4.0,0.03381829217138854,False,0.0003627920523285866,2,0.00016548309940844774
exactness,E10_DENSE,6,10,7,0.7,dense,7.0,no_slip,9,9216,361,361,361,False,2.2797904797122683,True,361,True,True,361,True,True,False,False,False,True,1,0.00010850694444444444,1,0.1111111111111111,1,1,1.0,0.19531665464113424,False,0.000189070007763803,1,0.00015544600319117308
exactness,E10_DENSE,7,10,7,0.7,dense,3.0,slip_4_3,9,9216,594,594,87,False,1.9482950642523438,True,594,True,True,594,True,True,True,True,True,True,26,0.0028211805555555555,9,1.0,2,2,8.666666666666666,0.016487575836324098,False,0.0005735160084441304,3,0.0001725660404190421
exactness,E10_DENSE,8,10,7,0.7,dense,7.0,slip_3_3,9,9216,25,25,134,False,0.003236148995955368,True,25,True,True,25,True,True,True,True,True,True,18,0.001953125,9,1.0,4,3,9.0,0.002576027727353658,False,0.0005261119222268462,2,0.00024652795400470495
exactness,E10_DENSE,9,10,7,0.7,dense,7.0,slip_1_3,9,9216,463,463,463,False,6.629909385999648,True,463,True,True,463,True,True,False,False,False,True,9,0.0009765625,9,1.0,1,1,3.0,3.7520219712213843,False,0.00029507908038794994,3,0.00016597902867943048
exactness,E10_DENSE,10,10,7,0.7,dense,1.0,no_slip,9,9216,977,977,977,False,0.620853974825275,True,977,True,True,977,True,True,False,False,False,True,91,0.009874131944444444,9,1.0,12,10,30.333333333333332,0.004602236919557967,False,0.0034357139375060797,3,0.000176146044395864
exactness,E10_DENSE,11,10,7,0.7,dense,-1.0,slip_2_3,9,9216,907,907,484,False,0.823689173945299,True,907,True,True,907,True,True,True,True,True,True,102,0.011067708333333334,9,1.0,13,9,10.2,0.00849841298978049,False,0.003803627914749086,10,0.00023816898465156555
exactness,E10_DENSE,12,10,7,0.7,dense,5.0,no_slip,9,9216,542,542,542,False,5.823343293927321,True,542,True,True,542,True,True,False,False,False,True,1,0.00010850694444444444,1,0.1111111111111111,1,1,1.0,0.16892718051803612,False,0.00018765300046652555,1,0.00015867198817431927
exactness,E10_DENSE,13,10,7,0.7,dense,5.0,no_slip,9,9216,821,821,821,False,2.181262775727374,True,821,True,True,821,True,True,False,False,False,True,1,0.00010850694444444444,1,0.1111111111111111,1,1,1.0,0.08099074931769312,False,0.00019223196431994438,1,0.0001582460245117545
exactness,E10_DENSE,14,10,7,0.7,dense,5.0,no_slip,9,9216,299,299,299,False,3.443294161122197,True,299,True,True,299,True,True,False,False,False,True,13,0.0014105902777777778,8,0.8888888888888888,1,1,6.5,0.01941090610239904,False,0.00036167597863823175,2,0.00016561697702854872
exactness,E10_DENSE,15,10,7,0.7,dense,-1.0,slip_1_1,9,9216,646,646,72,False,0.7424255121647771,True,646,True,True,646,True,True,True,True,True,True,57,0.006184895833333333,9,1.0,8,7,57.0,0.010760100712738918,False,0.0020001400262117386,1,0.00019564502872526646
exactness,E10_DENSE,16,10,7,0.7,dense,3.0,slip_4_1,9,9216,988,983,988,False,0.008266678343751721,True,988,True,True,983,False,False,False,True,True,True,189,0.0205078125,9,1.0,22,15,21.0,0.0005371844884631827,False,0.010042362031526864,8,0.00022600300144404173
exactness,E10_DENSE,17,10,7,0.7,dense,-1.0,no_slip,9,9216,577,577,865,False,0.38049340586498737,True,577,True,True,577,True,True,True,True,True,True,153,0.0166015625,9,1.0,21,15,76.5,0.0006622241016760455,False,0.010259701986797154,2,0.0001977820647880435
exactness,E10_DENSE,18,10,7,0.7,dense,7.0,no_slip,9,9216,108,108,108,False,0.8332160011902214,True,108,True,True,108,True,True,False,False,False,True,12,0.0013020833333333333,9,1.0,3,3,6.0,0.007923067917491089,False,0.0004625440342351794,2,0.00017710705287754536
exactness,E10_DENSE,19,10,7,0.7,dense,7.0,no_slip,9,9216,436,436,402,False,1.4450271753870219,True,436,True,True,436,True,True,True,True,True,True,15,0.0016276041666666667,9,1.0,1,1,2.142857142857143,0.25864690202706786,False,0.00035399000626057386,7,0.0001888810656964779
exactness,E10_DENSE,20,10,7,0.7,dense,1.0,no_slip,9,9216,559,559,679,False,0.6481920913976422,True,559,True,True,559,True,True,True,True,True,True,51,0.005533854166666667,9,1.0,7,5,12.75,0.0013066133143082581,False,0.0014027149882167578,4,0.00018142408225685358
exactness,E10_DENSE,21,10,7,0.7,dense,5.0,no_slip,9,9216,962,962,962,False,4.366570381494369,True,962,True,True,962,True,True,False,False,False,True,10,0.0010850694444444445,9,1.0,1,1,5.0,0.1227495997203416,False,0.0002957980614155531,2,0.0001640670234337449
exactness,E10_DENSE,22,10,7,0.7,dense,3.0,slip_3_1,9,9216,558,558,560,False,0.3261398721161193,True,558,True,True,558,True,True,True,True,True,True,41,0.004448784722222222,9,1.0,6,5,10.25,0.0626014656663001,False,0.0013953710440546274,4,0.00019953690934926271
exactness,E10_DENSE,23,10,7,0.7,dense,5.0,slip_1_1,9,9216,77,77,77,False,2.8010244900072374,True,77,True,True,77,True,True,False,False,False,True,10,0.0010850694444444445,9,1.0,1,1,5.0,0.004977051391418463,False,0.00029613706283271313,2,0.00016200589016079903
exactness,E10_DENSE,24,10,7,0.7,dense,3.0,slip_4_3,9,9216,490,490,227,False,1.0330968021062734,True,490,True,True,490,True,True,True,True,True,True,33,0.0035807291666666665,9,1.0,4,4,33.0,0.014695653571770606,False,0.0008434000192210078,1,0.0001621129922568798
exactness,E10_DENSE,25,10,7,0.7,dense,-1.0,slip_2_1,9,9216,156,406,88,False,0.062317811090887076,True,156,True,True,406,False,False,True,True,True,True,827,0.08973524305555555,9,1.0,105,60,29.535714285714285,0.00035230965271182413,False,0.15057814598549157,9,0.000281953951343894
exactness,E10_DENSE,26,10,7,0.7,dense,3.0,no_slip,9,9216,868,868,868,False,2.2816430207317664,True,868,True,True,868,True,True,False,False,False,True,2,0.00021701388888888888,1,0.1111111111111111,1,1,2.0,0.11268338181796178,False,0.0002206179779022932,1,0.0001569580053910613
exactness,E10_DENSE,27,10,7,0.7,dense,-1.0,no_slip,9,9216,406,406,190,False,1.374705764771301,True,406,True,True,406,True,True,True,True,True,True,60,0.006510416666666667,9,1.0,8,7,10.0,0.0035914673097998673,False,0.001892997999675572,6,0.00019273592624813318
exactness,E10_DENSE,28,10,7,0.7,dense,5.0,no_slip,9,9216,624,624,624,False,2.162652681998722,True,624,True,True,624,True,True,False,False,False,True,1,0.00010850694444444444,1,0.1111111111111111,1,1,1.0,0.03048741859356152,False,0.00019416806753724813,1,0.00015254796016961336
exactness,E10_DENSE,29,10,7,0.7,dense,7.0,no_slip,9,9216,581,581,581,False,8.052893262880207,True,581,True,True,581,True,True,False,False,False,True,1,0.00010850694444444444,1,0.1111111111111111,1,1,1.0,0.1945069014393459,False,0.0002094340743497014,1,0.000208580051548779
exactness,E10_SPARSE,30,10,7,0.7,sparse,5.0,no_slip,9,9216,224,224,224,False,4.997677123352841,True,224,True,True,224,True,True,False,False,False,True,1,0.00010850694444444444,1,0.1111111111111111,1,1,1.0,0.12459204387970857,False,0.00022836297284811735,1,0.00017362891230732203
exactness,E10_SPARSE,31,10,7,0.7,sparse,1.0,slip_3_1,9,9216,124,124,367,False,1.3844847891968044,True,124,True,True,124,True,True,True,True,True,True,45,0.0048828125,9,1.0,5,4,7.5,0.002330227670652718,False,0.0011571430368348956,6,0.00019808497745543718
exactness,E10_SPARSE,32,10,7,0.7,sparse,7.0,slip_1_3,9,9216,708,619,619,False,0.0006502801070755737,True,708,True,True,619,False,False,True,False,False,True,37,0.004014756944444444,9,1.0,3,2,6.166666666666667,0.00012090535616682274,False,0.0009374079527333379,3,0.00018462096340954304
exactness,E10_SPARSE,33,10,7,0.7,sparse,5.0,no_slip,9,9216,118,118,118,False,1.5433759804179559,True,118,True,True,118,True,True,False,False,False,True,4,0.00043402777777777775,1,0.1111111111111111,1,1,2.0,0.038266577465152274,False,0.00027398893143981695,2,0.0001651120837777853
exactness,E10_SPARSE,34,10,7,0.7,sparse,7.0,slip_4_3,9,9216,967,967,967,False,0.004024455797067894,True,967,True,True,988,False,True,False,False,True,True,38,0.004123263888888889,9,1.0,8,6,4.222222222222222,0.0010309640975174617,False,0.0012125269277021289,4,0.00017585000023245811
exactness,E10_SPARSE,35,10,7,0.7,sparse,7.0,no_slip,9,9216,24,24,24,False,9.848398646192301,True,24,True,True,24,True,True,False,False,False,True,1,0.00010850694444444444,1,0.1111111111111111,1,1,1.0,0.19714628591640204,False,0.00019726203754544258,1,0.0001573179615661502
exactness,E10_SPARSE,36,10,7,0.7,sparse,7.0,slip_2_3,9,9216,963,963,963,False,6.179314043476296,True,963,True,True,963,True,True,False,False,False,True,9,0.0009765625,9,1.0,1,1,1.8,3.2994839221027203,False,0.0002983909798786044,5,0.0001847940729930997
exactness,E10_SPARSE,37,10,7,0.7,sparse,-1.0,slip_1_3,9,9216,533,533,657,False,0.5350816895537118,True,533,True,True,533,True,True,True,True,True,True,148,0.016059027777777776,9,1.0,19,15,18.5,0.0028420452705386623,False,0.007613645982928574,8,0.00027541397139430046
exactness,E10_SPARSE,38,10,7,0.7,sparse,1.0,no_slip,9,9216,390,390,390,False,1.973069204236415,True,390,True,True,390,True,True,False,False,False,True,15,0.0016276041666666667,8,0.8888888888888888,2,1,5.0,0.13001818952050392,False,0.0004096650518476963,3,0.0001760409213602543
exactness,E10_SPARSE,39,10,7,0.7,sparse,-1.0,no_slip,9,9216,299,299,299,False,0.015046920160580513,True,299,True,True,299,True,True,False,False,False,True,1018,0.11046006944444445,9,1.0,129,47,92.54545454545455,8.925273767523834e-05,False,0.1529667949071154,11,0.00034094194415956736
exactness,E10_SPARSE,40,10,7,0.7,sparse,1.0,no_slip,9,9216,481,481,481,False,0.18480472476061038,True,481,True,True,481,True,True,False,False,False,True,195,0.021158854166666668,9,1.0,25,15,48.75,0.008515248730706304,False,0.013452212908305228,4,0.0002852089237421751
exactness,E10_SPARSE,41,10,7,0.7,sparse,3.0,no_slip,9,9216,33,33,33,False,2.0492931032634987,True,33,True,True,33,True,True,False,False,False,True,2,0.00021701388888888888,1,0.1111111111111111,1,1,2.0,0.019826255961749695,False,0.00023217499256134033,1,0.00015404005534946918
exactness,E10_SPARSE,42,10,7,0.7,sparse,-1.0,no_slip,9,9216,18,18,18,False,1.2592397627297682,True,18,True,True,18,True,True,False,False,False,True,33,0.0035807291666666665,3,0.3333333333333333,8,8,33.0,0.024288891719301375,False,0.0013944680104032159,1,0.00016413594130426645
exactness,E10_SPARSE,43,10,7,0.7,sparse,1.0,slip_3_3,9,9216,717,717,900,False,0.23824534337729553,True,717,True,True,717,True,True,True,True,True,True,247,0.026801215277777776,9,1.0,39,27,247.0,0.0017695282820504588,False,0.02364334196317941,1,0.00019879895262420177
exactness,E10_SPARSE,44,10,7,0.7,sparse,1.0,no_slip,9,9216,97,97,97,False,2.5929612461924503,True,97,True,True,97,True,True,False,False,False,True,2,0.00021701388888888888,1,0.1111111111111111,1,1,2.0,0.051863784769103916,False,0.00022103404626250267,1,0.0001591260079294443
exactness,E10_SPARSE,45,10,7,0.7,sparse,-1.0,no_slip,9,9216,254,254,214,False,0.20592918071766242,True,254,True,True,254,True,True,True,True,True,True,378,0.041015625,9,1.0,47,32,31.5,0.002562644299755945,False,0.03811689803842455,12,0.000270145945250988
exactness,E10_SPARSE,46,10,7,0.7,sparse,7.0,slip_2_1,9,9216,528,528,623,False,0.00012333793814089944,True,528,True,True,528,True,True,True,True,True,True,164,0.017795138888888888,9,1.0,25,15,13.666666666666666,1.5036429097392556e-06,False,0.010051802033558488,12,0.00022832199465483427
exactness,E10_SPARSE,47,10,7,0.7,sparse,3.0,slip_2_3,9,9216,878,878,1002,False,1.058164945736964,True,878,True,True,878,True,True,True,True,True,True,30,0.0032552083333333335,9,1.0,3,3,6.0,0.01272067521858844,False,0.000634499010629952,5,0.00020638294517993927
exactness,E10_SPARSE,48,10,7,0.7,sparse,-1.0,slip_2_3,9,9216,717,717,737,False,0.12482001234468143,True,717,True,True,717,True,True,True,True,True,True,546,0.059244791666666664,9,1.0,67,34,78.0,0.0009731720306138669,False,0.06477077095769346,7,0.00031823094468563795
exactness,E10_SPARSE,49,10,7,0.7,sparse,3.0,slip_1_3,9,9216,146,146,587,False,0.052295560564457055,True,146,True,True,146,True,True,True,True,True,True,249,0.027018229166666668,9,1.0,32,20,62.25,0.000384858578716063,False,0.01697970402892679,4,0.00020978006068617105
exactness,E10_SPARSE,50,10,7,0.7,sparse,7.0,slip_1_1,9,9216,349,349,498,False,0.00033960384582831793,True,349,True,True,498,False,True,True,True,False,True,68,0.007378472222222222,9,1.0,9,7,8.5,8.180553116687861e-06,False,0.002417064970359206,3,0.00021347205620259047
exactness,E10_SPARSE,51,10,7,0.7,sparse,5.0,no_slip,9,9216,1010,1010,1010,False,2.2203086953571103,True,1010,True,True,1010,True,True,False,False,False,True,2,0.00021701388888888888,1,0.1111111111111111,1,1,2.0,0.12562710213330242,False,0.00022235792130231857,1,0.00019880791660398245
exactness,E10_SPARSE,52,10,7,0.7,sparse,7.0,slip_2_3,9,9216,59,31,31,False,0.001437755449759548,True,59,True,True,31,False,False,True,False,False,True,38,0.004123263888888889,9,1.0,7,5,4.222222222222222,6.942187397163124e-06,False,0.001230924972333014,5,0.00017936201766133308
exactness,E10_SPARSE,53,10,7,0.7,sparse,5.0,no_slip,9,9216,50,50,50,False,4.019830081777561,True,50,True,True,50,True,True,False,False,False,True,1,0.00010850694444444444,1,0.1111111111111111,1,1,1.0,0.006250560091006108,False,0.00019159005023539066,1,0.00015426299069076777
exactness,E10_SPARSE,54,10,7,0.7,sparse,1.0,slip_4_1,9,9216,689,178,178,False,0.30802646593771676,True,689,True,True,178,False,False,True,False,False,True,194,0.021050347222222224,9,1.0,23,16,16.166666666666668,0.0022733559356016286,False,0.009912565001286566,10,0.00022750499192625284
exactness,E10_SPARSE,55,10,7,0.7,sparse,3.0,no_slip,9,9216,475,475,475,False,2.274290646720713,True,475,True,True,475,True,True,False,False,False,True,2,0.00021701388888888888,1,0.1111111111111111,1,1,2.0,0.07509831545938273,False,0.00020794803276658058,1,0.0001535859191790223
exactness,E10_SPARSE,56,10,7,0.7,sparse,1.0,no_slip,9,9216,572,572,572,False,0.031196614794481548,True,572,True,True,572,True,True,False,False,False,True,490,0.053168402777777776,9,1.0,66,35,37.69230769230769,1.6462643975145852e-05,False,0.05279771296773106,13,0.0003416769905015826
exactness,E10_SPARSE,57,10,7,0.7,sparse,5.0,slip_3_3,9,9216,79,36,68,False,0.5895539849924649,True,79,True,True,36,False,False,True,True,True,True,10,0.0010850694444444445,9,1.0,4,3,1.25,0.010672141150752879,False,0.00048629590310156345,3,0.00020449899602681398
exactness,E10_SPARSE,58,10,7,0.7,sparse,5.0,slip_1_3,9,9216,1002,1002,895,False,2.2771941300310283,True,1002,True,True,1002,True,True,True,True,True,True,1,0.00010850694444444444,1,0.1111111111111111,1,1,1.0,0.07764593589184399,False,0.00021276006009429693,1,0.00017329002730548382
exactness,E10_SPARSE,59,10,7,0.7,sparse,3.0,no_slip,9,9216,579,579,579,False,1.2037020946926393,True,579,True,True,579,True,True,False,False,False,True,12,0.0013020833333333333,9,1.0,3,2,6.0,0.017980769787737216,False,0.0004793819971382618,2,0.00018330500461161137
exactness,E12_DENSE,60,12,8,0.6666666666666666,dense,4.0,slip_1_1,11,45056,3010,3010,2966,False,2.139303888259546,True,3010,True,True,3010,True,True,True,True,True,True,18,0.00039950284090909093,11,1.0,2,2,18.0,0.003538134801033266,False,0.0005576530238613486,1,0.00021137995645403862
exactness,E12_DENSE,61,12,8,0.6666666666666666,dense,0.0,no_slip,11,45056,650,650,650,False,0.6659132044712219,True,650,True,True,650,True,True,False,False,False,True,85,0.0018865411931818182,11,1.0,10,7,85.0,0.05664520890114133,False,0.003205937100574374,1,0.00020059093367308378
exactness,E12_DENSE,62,12,8,0.6666666666666666,dense,4.0,slip_2_1,11,45056,3185,3185,3185,False,0.7428489448543818,True,3185,True,True,3185,True,True,False,False,False,True,116,0.0025745738636363635,11,1.0,10,7,6.105263157894737,0.007727557779451999,False,0.003137035993859172,19,0.0003192209405824542
exactness,E12_DENSE,63,12,8,0.6666666666666666,dense,6.0,slip_5_3,11,45056,1176,1176,1176,False,4.0006420978728165,True,1176,True,True,1176,True,True,False,False,False,True,11,0.000244140625,11,1.0,1,1,1.0,1.1199538254715535,False,0.000273557030595839,11,0.00026073900517076254
exactness,E12_DENSE,64,12,8,0.6666666666666666,dense,0.0,slip_5_1,11,45056,838,838,2117,False,0.056422324589558315,True,838,True,True,838,True,True,True,True,True,True,1523,0.03380237926136364,11,1.0,95,41,152.3,1.223125724614249e-05,False,0.23327135399449617,10,0.0003422789741307497
exactness,E12_DENSE,65,12,8,0.6666666666666666,dense,6.0,no_slip,11,45056,3361,3361,3361,False,1.6725190636781324,True,3361,True,True,3361,True,True,False,False,False,True,9,0.00019975142045454547,8,0.7272727272727273,2,2,9.0,0.04763203337356359,False,0.00041631993371993303,1,0.00022633292246609926
exactness,E12_DENSE,66,12,8,0.6666666666666666,dense,2.0,no_slip,11,45056,1356,1356,1309,False,1.1929768388805648,True,1356,True,True,1356,True,True,True,True,True,True,119,0.0026411576704545455,11,1.0,9,5,17.0,0.008475884417133983,False,0.0036566409980878234,7,0.00023683998733758926
exactness,E12_DENSE,67,12,8,0.6666666666666666,dense,6.0,no_slip,11,45056,2614,2614,2614,False,5.089285375340514,True,2614,True,True,2614,True,True,False,False,False,True,6,0.00013316761363636363,5,0.45454545454545453,1,1,6.0,0.04455563513453065,False,0.0004903910448774695,1,0.00019054999575018883
exactness,E12_DENSE,68,12,8,0.6666666666666666,dense,0.0,slip_3_1,11,45056,427,427,291,False,0.6036514420030592,True,427,True,True,427,True,True,True,True,True,True,83,0.0018421519886363637,11,1.0,6,3,16.6,0.005704101119249572,False,0.0023160630371421576,5,0.00022443197667598724
exactness,E12_DENSE,69,12,8,0.6666666666666666,dense,0.0,no_slip,11,45056,2854,2854,2854,False,0.12836293239133845,True,2854,True,True,2854,True,True,False,False,False,True,476,0.010564630681818182,11,1.0,27,22,119.0,0.0003114322761295085,False,0.04361716704443097,4,0.00032170210033655167
exactness,E12_DENSE,70,12,8,0.6666666666666666,dense,6.0,slip_4_3,11,45056,1922,1810,1810,False,0.0041891655921801885,True,1922,True,True,1922,True,False,True,False,True,True,61,0.0013538707386363637,11,1.0,5,3,12.2,0.00010081880350121253,False,0.0017606380861252546,5,0.0002186379861086607
exactness,E12_DENSE,71,12,8,0.6666666666666666,dense,6.0,slip_3_3,11,45056,806,806,806,False,1.2835874773940468,True,806,True,True,806,True,True,False,False,False,True,18,0.00039950284090909093,11,1.0,2,2,2.5714285714285716,0.002648875694947428,False,0.0005245259962975979,7,0.0002245260402560234
exactness,E12_DENSE,72,12,8,0.6666666666666666,dense,0.0,slip_5_1,11,45056,3360,3360,2402,False,0.7221960588566159,True,3360,True,True,3360,True,True,True,True,True,True,124,0.002752130681818182,11,1.0,9,6,41.333333333333336,0.004607454837774583,False,0.004525735042989254,3,0.0002441669348627329
exactness,E12_DENSE,73,12,8,0.6666666666666666,dense,4.0,slip_2_1,11,45056,295,295,399,False,1.2866629615462948,True,295,True,True,295,True,True,True,True,True,True,47,0.0010431463068181818,11,1.0,6,5,4.2727272727272725,0.00770875630913892,False,0.0014857429778203368,11,0.000274079036898911
exactness,E12_DENSE,74,12,8,0.6666666666666666,dense,6.0,no_slip,11,45056,1631,1631,1631,False,1.851301320119628,True,1631,True,True,1631,True,True,False,False,False,True,5,0.00011097301136363636,4,0.36363636363636365,1,1,5.0,0.027821187744125453,False,0.00035308999940752983,1,0.00021937803830951452
exactness,E12_DENSE,75,12,8,0.6666666666666666,dense,4.0,no_slip,11,45056,3765,3765,3765,False,1.2049383568451297,True,3765,True,True,3765,True,True,False,False,False,True,21,0.00046608664772727275,11,1.0,4,4,10.5,0.02213599397862609,False,0.0009628570405766368,2,0.0002136810217052698
exactness,E12_DENSE,76,12,8,0.6666666666666666,dense,4.0,no_slip,11,45056,3672,3672,3672,False,1.1289673060546814,True,3672,True,True,3672,True,True,False,False,False,True,79,0.0017533735795454545,11,1.0,2,2,15.8,0.013159542660597268,False,0.001771804061718285,5,0.0002491939812898636
exactness,E12_DENSE,77,12,8,0.6666666666666666,dense,4.0,slip_5_1,11,45056,4016,4016,4016,False,0.3088651726136886,True,4016,True,True,4016,True,True,False,False,False,True,196,0.004350142045454545,11,1.0,12,8,12.25,0.0013976010710914366,False,0.007606534985825419,16,0.0003367769531905651
exactness,E12_DENSE,78,12,8,0.6666666666666666,dense,0.0,no_slip,11,45056,438,438,361,False,0.16333111148999357,True,438,True,True,438,True,True,True,True,True,True,1039,0.023060191761363636,11,1.0,56,37,57.72222222222222,2.608527324809984e-05,False,0.11113643099088222,18,0.00036740198265761137
exactness,E12_DENSE,79,12,8,0.6666666666666666,dense,4.0,no_slip,11,45056,2359,2359,2359,False,3.7923406575399543,True,2359,True,True,2359,True,True,False,False,False,True,6,0.00013316761363636363,4,0.36363636363636365,1,1,6.0,0.03120516943031504,False,0.00036839896347373724,1,0.00020362995564937592
exactness,E12_DENSE,80,12,8,0.6666666666666666,dense,4.0,slip_5_1,11,45056,2200,2200,2200,False,0.8851871527807322,True,2200,True,True,2200,True,True,False,False,False,True,22,0.00048828125,11,1.0,1,1,2.0,0.07963218597735988,False,0.00047892099246382713,11,0.0002369179856032133
exactness,E12_DENSE,81,12,8,0.6666666666666666,dense,4.0,no_slip,11,45056,683,683,683,False,2.207908634247194,True,683,True,True,683,True,True,False,False,False,True,29,0.0006436434659090909,11,1.0,1,1,14.5,0.049646932640691865,False,0.0006503330077975988,2,0.00020871590822935104
exactness,E12_DENSE,82,12,8,0.6666666666666666,dense,4.0,no_slip,11,45056,3418,3418,3418,False,4.422780127527563,True,3418,True,True,3418,True,True,False,False,False,True,8,0.0001775568181818182,6,0.5454545454545454,1,1,8.0,0.044110203366605205,False,0.0003554869908839464,1,0.0001908999402076006
exactness,E12_DENSE,83,12,8,0.6666666666666666,dense,6.0,slip_2_1,11,45056,2548,2548,2548,False,1.7488949122689785,True,2548,True,True,2548,True,True,False,False,False,True,11,0.000244140625,11,1.0,1,1,2.75,0.845050920548994,False,0.000385305960662663,4,0.00020610494539141655
exactness,E12_DENSE,84,12,8,0.6666666666666666,dense,2.0,no_slip,11,45056,140,140,741,False,0.4806943925948044,True,140,True,True,140,True,True,True,True,True,True,644,0.014293323863636364,11,1.0,39,24,49.53846153846154,0.002318552182973832,False,0.06051536102313548,13,0.00033567403443157673
exactness,E12_DENSE,85,12,8,0.6666666666666666,dense,4.0,slip_4_1,11,45056,523,523,523,False,0.460563721233088,True,523,True,True,523,True,True,False,False,False,True,65,0.0014426491477272727,11,1.0,6,6,6.5,0.0028360774824456314,False,0.002222926006652415,10,0.00023991905618458986
exactness,E12_DENSE,86,12,8,0.6666666666666666,dense,2.0,no_slip,11,45056,1954,1794,1860,False,0.11431764442841441,True,1954,True,True,1954,True,False,True,True,True,True,175,0.0038840553977272725,11,1.0,11,7,29.166666666666668,0.0006744420841062748,False,0.007455687969923019,6,0.0002501189010217786
exactness,E12_DENSE,87,12,8,0.6666666666666666,dense,2.0,slip_4_3,11,45056,553,553,946,False,0.138713868002311,True,553,True,True,553,True,True,True,True,True,True,260,0.005770596590909091,11,1.0,14,11,17.333333333333332,0.0008938237608564492,False,0.0117584919789806,15,0.00029254204127937555
exactness,E12_DENSE,88,12,8,0.6666666666666666,dense,4.0,no_slip,11,45056,3813,3813,3813,False,2.961251747581331,True,3813,True,True,3813,True,True,False,False,False,True,8,0.0001775568181818182,6,0.5454545454545454,1,1,8.0,0.04688611666875886,False,0.00034706806764006615,1,0.00019678601529449224
exactness,E12_DENSE,89,12,8,0.6666666666666666,dense,0.0,slip_3_1,11,45056,2184,2184,401,False,0.069284359162749,True,2184,True,True,2184,True,True,True,True,True,True,2194,0.04869495738636364,11,1.0,129,72,70.7741935483871,0.00010418631021913427,False,0.5221097620669752,31,0.00046433997340500355
exactness,E12_SPARSE,90,12,8,0.6666666666666666,sparse,6.0,slip_1_3,11,45056,3970,3970,3970,False,3.1764205115992956,True,3970,True,True,3970,True,True,False,False,False,True,22,0.00048828125,11,1.0,1,1,5.5,0.12072338230731461,False,0.0006282019894570112,4,0.00021655496675521135
exactness,E12_SPARSE,91,12,8,0.6666666666666666,sparse,6.0,no_slip,11,45056,1976,1976,1976,False,3.436028894305192,True,1976,True,True,1976,True,True,False,False,False,True,6,0.00013316761363636363,5,0.45454545454545453,1,1,6.0,0.004122787130182104,False,0.00033359299413859844,1,0.00019219203386455774
exactness,E12_SPARSE,92,12,8,0.6666666666666666,sparse,6.0,slip_1_3,11,45056,2229,2229,2634,False,0.0008828771309659089,True,2229,True,True,2229,True,True,True,True,True,True,140,0.003107244318181818,11,1.0,13,9,46.666666666666664,1.0268875412222656e-05,False,0.005972735001705587,3,0.00023308699019253254
exactness,E12_SPARSE,93,12,8,0.6666666666666666,sparse,0.0,slip_3_3,11,45056,1358,1358,995,False,0.11148735938648358,True,1358,True,True,1358,True,True,True,True,True,True,1182,0.026234019886363636,11,1.0,69,47,73.875,2.820923533874975e-05,False,0.19615058205090463,16,0.0004064269596710801
exactness,E12_SPARSE,94,12,8,0.6666666666666666,sparse,2.0,no_slip,11,45056,592,592,2644,False,0.2506267131984323,True,592,True,True,592,True,True,True,True,True,True,76,0.0016867897727272727,11,1.0,6,5,25.333333333333332,0.01275853327238785,False,0.002284068032167852,3,0.00021105108316987753
exactness,E12_SPARSE,95,12,8,0.6666666666666666,sparse,6.0,no_slip,11,45056,2243,2243,2243,False,4.865469470590316,True,2243,True,True,2243,True,True,False,False,False,True,4,8.87784090909091e-05,4,0.36363636363636365,1,1,4.0,0.0526634981079277,False,0.00032911007292568684,1,0.00018794694915413857
exactness,E12_SPARSE,96,12,8,0.6666666666666666,sparse,4.0,slip_5_3,11,45056,1258,1258,235,False,1.695731061283233,True,1258,True,True,1258,True,True,True,True,True,True,33,0.000732421875,11,1.0,3,3,16.5,0.0237113654558474,False,0.0010572689352557063,2,0.0002039320534095168
exactness,E12_SPARSE,97,12,8,0.6666666666666666,sparse,6.0,slip_2_3,11,45056,1349,1349,1349,False,3.447445362492134,True,1349,True,True,1349,True,True,False,False,False,True,11,0.000244140625,11,1.0,1,1,2.2,0.550106101788983,False,0.0003661940572783351,5,0.00020781694911420345
exactness,E12_SPARSE,98,12,8,0.6666666666666666,sparse,2.0,no_slip,11,45056,844,844,844,False,1.716943457496761,True,844,True,True,844,True,True,False,False,False,True,43,0.0009543678977272727,11,1.0,5,5,21.5,0.006860899946655508,False,0.00121482799295336,2,0.00024187704548239708
exactness,E12_SPARSE,99,12,8,0.6666666666666666,sparse,2.0,slip_5_3,11,45056,3833,3833,3833,False,0.0994829386436411,True,3833,True,True,3833,True,True,False,False,False,True,625,0.013871626420454546,11,1.0,35,23,34.72222222222222,0.0002420096653494852,False,0.05612435203511268,18,0.00036926602479070425
exactness,E12_SPARSE,100,12,8,0.6666666666666666,sparse,0.0,no_slip,11,45056,2313,2313,2313,False,2.5546481911681393,True,2313,True,True,2313,True,True,False,False,False,True,25,0.0005548650568181819,11,1.0,1,1,25.0,0.044934062781090134,False,0.0006069899536669254,1,0.0001939820358529687
exactness,E12_SPARSE,101,12,8,0.6666666666666666,sparse,4.0,no_slip,11,45056,2359,2359,2359,False,1.0328629256781063,True,2359,True,True,2359,True,True,False,False,False,True,25,0.0005548650568181819,11,1.0,2,2,12.5,0.0528671093662183,False,0.0007065730169415474,2,0.0001955700572580099
exactness,E12_SPARSE,102,12,8,0.6666666666666666,sparse,2.0,slip_2_1,11,45056,3339,3339,3162,False,0.39523404916657157,True,3339,True,True,3339,True,True,True,True,True,True,125,0.002774325284090909,11,1.0,13,9,31.25,0.006343045782404744,False,0.0058537350269034505,4,0.0002210739767178893
exactness,E12_SPARSE,103,12,8,0.6666666666666666,sparse,0.0,slip_3_3,11,45056,781,781,1827,False,0.46348536353755776,True,781,True,True,781,True,True,True,True,True,True,767,0.01702325994318182,11,1.0,41,31,17.837209302325583,0.0014300320190017146,False,0.0855660910019651,43,0.0005156750557944179
exactness,E12_SPARSE,104,12,8,0.6666666666666666,sparse,6.0,no_slip,11,45056,778,778,778,False,3.665037724062608,True,778,True,True,778,True,True,False,False,False,True,16,0.0003551136363636364,11,1.0,1,1,8.0,0.02487877165046637,False,0.00043320702388882637,2,0.00022778892889618874
exactness,E12_SPARSE,105,12,8,0.6666666666666666,sparse,2.0,no_slip,11,45056,1465,1465,1335,False,0.9203186423322745,True,1465,True,True,1465,True,True,True,True,True,True,80,0.0017755681818181818,11,1.0,7,5,7.2727272727272725,0.011769118560795988,False,0.002438355004414916,11,0.0002521170536056161
exactness,E12_SPARSE,106,12,8,0.6666666666666666,sparse,6.0,no_slip,11,45056,1966,1966,1966,False,1.1106343823902858,True,1966,True,True,1966,True,True,False,False,False,True,30,0.0006658380681818181,11,1.0,4,4,15.0,0.04821419899861734,False,0.0011006939457729459,2,0.00020050397142767906
exactness,E12_SPARSE,107,12,8,0.6666666666666666,sparse,0.0,slip_2_1,11,45056,2799,2064,2064,False,0.0076884109011459145,True,2799,True,True,2799,True,False,True,False,True,True,2144,0.04758522727272727,11,1.0,152,71,268.0,0.00013320979974906777,False,0.5328050280222669,8,0.0003138741012662649
exactness,E12_SPARSE,108,12,8,0.6666666666666666,sparse,2.0,slip_3_1,11,45056,1113,1113,1274,False,0.47586953809857135,True,1113,True,True,1113,True,True,True,True,True,True,156,0.0034623579545454545,11,1.0,9,7,8.210526315789474,0.007405946168141497,False,0.005675978027284145,19,0.0002940830308943987
exactness,E12_SPARSE,109,12,8,0.6666666666666666,sparse,6.0,slip_1_1,11,45056,2959,2959,2656,False,3.0207776168931106,True,2959,True,True,2959,True,True,True,True,True,True,11,0.000244140625,11,1.0,1,1,2.2,0.1203240816823632,False,0.0003373159561306238,5,0.0002094979863613844
exactness,E12_SPARSE,110,12,8,0.6666666666666666,sparse,2.0,slip_1_3,11,45056,3391,3391,3799,False,1.1863336655152654,True,3391,True,True,3391,True,True,True,True,True,True,91,0.002019708806818182,11,1.0,9,8,18.2,0.004138164400343314,False,0.003699591034092009,5,0.0002653730334714055
exactness,E12_SPARSE,111,12,8,0.6666666666666666,sparse,0.0,no_slip,11,45056,811,2541,933,False,0.1330291779327002,True,811,True,True,2541,False,False,True,True,True,True,1266,0.028098366477272728,11,1.0,78,47,25.836734693877553,0.004914238805064031,False,0.2311115040211007,16,0.00048587494529783726
exactness,E12_SPARSE,112,12,8,0.6666666666666666,sparse,2.0,no_slip,11,45056,236,750,2286,False,0.2747443823737452,True,236,True,True,750,False,False,True,True,True,True,123,0.0027299360795454545,11,1.0,6,4,9.461538461538462,0.011002346565883059,False,0.00444170692935586,4,0.000258942018263042
exactness,E12_SPARSE,113,12,8,0.6666666666666666,sparse,4.0,no_slip,11,45056,939,939,995,False,0.73318706919894,True,939,True,True,939,True,True,True,True,True,True,55,0.001220703125,11,1.0,2,2,18.333333333333332,0.005664099755685825,False,0.0014402619563043118,3,0.00021398195531219244
exactness,E12_SPARSE,114,12,8,0.6666666666666666,sparse,6.0,no_slip,11,45056,793,793,793,False,8.676159751440442,True,793,True,True,793,True,True,False,False,False,True,3,6.658380681818181e-05,3,0.2727272727272727,1,1,3.0,0.010336949095710146,False,0.00026459095533937216,1,0.00018376798834651709
exactness,E12_SPARSE,115,12,8,0.6666666666666666,sparse,2.0,slip_4_3,11,45056,2589,2589,2589,False,3.076521441964399,True,2589,True,True,2589,True,True,False,False,False,True,38,0.0008433948863636364,11,1.0,1,1,3.8,0.005430028626285832,False,0.0006944889901205897,10,0.00022908998653292656
exactness,E12_SPARSE,116,12,8,0.6666666666666666,sparse,0.0,no_slip,11,45056,3892,3892,4084,False,0.701778460236973,True,3892,True,True,3892,True,True,True,True,True,True,154,0.00341796875,11,1.0,9,6,17.11111111111111,0.0027284509539740043,False,0.004111883928999305,9,0.0002742600627243519
exactness,E12_SPARSE,117,12,8,0.6666666666666666,sparse,0.0,no_slip,11,45056,3027,3027,3027,False,1.1594277518807772,True,3027,True,True,3027,True,True,False,False,False,True,104,0.0023082386363636365,11,1.0,4,3,20.8,0.007553249118322114,False,0.0025690250331535935,5,0.00025791104417294264
exactness,E12_SPARSE,118,12,8,0.6666666666666666,sparse,0.0,slip_4_3,11,45056,1815,1815,1285,False,0.7684050589254028,True,1815,True,True,1815,True,True,True,True,True,True,71,0.0015758167613636363,11,1.0,7,6,23.666666666666668,0.001649211363369929,False,0.0026227959897369146,3,0.0002173979301005602
exactness,E12_SPARSE,119,12,8,0.6666666666666666,sparse,0.0,no_slip,11,45056,4014,3876,1645,False,0.03291681790473788,True,4014,True,True,3876,False,False,True,True,True,True,1691,0.037531072443181816,11,1.0,121,47,130.07692307692307,4.362295255688764e-05,False,0.299689561012201,10,0.00040466198697686195
