n,symbols,apparent_hamming_weight,apparent_error_fraction,hard_grand_log2_rank_lower_bound,latent_family_size,latent_family_log2_size,log2_coordinate_separation_lower_bound,case_id,family,k,rate,code_replicate,trial_id,location_label,location_fraction,tau,direction
32,16,14,0.4375,29.59296391564245,31,4.954196310386875,24.638767605255573,R32_DENSE,dense,24,0.75,0,0,early,0.15,2,3
32,16,14,0.4375,29.59296391564245,31,4.954196310386875,24.638767605255573,R32_DENSE,dense,24,0.75,0,1,early,0.15,2,3
32,16,14,0.4375,29.59296391564245,31,4.954196310386875,24.638767605255573,R32_DENSE,dense,24,0.75,0,2,early,0.15,2,1
32,16,14,0.4375,29.59296391564245,31,4.954196310386875,24.638767605255573,R32_DENSE,dense,24,0.75,0,3,early,0.15,2,1
32,16,14,0.4375,29.59296391564245,31,4.954196310386875,24.638767605255573,R32_DENSE,dense,24,0.75,0,4,early,0.15,2,1
32,16,14,0.4375,29.59296391564245,31,4.954196310386875,24.638767605255573,R32_DENSE,dense,24,0.75,0,5,early,0.15,2,1
32,16,14,0.4375,29.59296391564245,31,4.954196310386875,24.638767605255573,R32_DENSE,dense,24,0.75,0,6,early,0.15,2,1
32,16,14,0.4375,29.59296391564245,31,4.954196310386875,24.638767605255573,R32_DENSE,dense,24,0.75,0,7,early,0.15,2,1
32,16,14,0.4375,29.59296391564245,31,4.954196310386875,24.638767605255573,R32_DENSE,dense,24,0.75,0,8,early,0.15,2,1
32,16,14,0.4375,29.59296391564245,31,4.954196310386875,24.638767605255573,R32_DENSE,dense,24,0.75,0,9,early,0.15,2,3
32,16,14,0.4375,29.59296391564245,31,4.954196310386875,24.638767605255573,R32_DENSE,dense,24,0.75,0,10,early,0.15,2,3
32,16,14,0.4375,29.59296391564245,31,4.954196310386875,24.638767605255573,R32_DENSE,dense,24,0.75,0,11,early,0.15,2,1
32,16,14,0.4375,29.59296391564245,31,4.954196310386875,24.638767605255573,R32_DENSE,dense,24,0.75,0,12,early,0.15,2,3
32,16,14,0.4375,29.59296391564245,31,4.954196310386875,24.638767605255573,R32_DENSE,dense,24,0.75,0,13,early,0.15,2,1
32,16,14,0.4375,29.59296391564245,31,4.954196310386875,24.638767605255573,R32_DENSE,dense,24,0.75,0,14,early,0.15,2,3
32,16,14,0.4375,29.59296391564245,31,4.954196310386875,24.638767605255573,R32_DENSE,dense,24,0.75,0,15,early,0.15,2,1
32,16,14,0.4375,29.59296391564245,31,4.954196310386875,24.638767605255573,R32_DENSE,dense,24,0.75,0,16,early,0.15,2,3
32,16,14,0.4375,29.59296391564245,31,4.954196310386875,24.638767605255573,R32_DENSE,dense,24,0.75,0,17,early,0.15,2,1
32,16,14,0.4375,29.59296391564245,31,4.954196310386875,24.638767605255573,R32_DENSE,dense,24,0.75,0,18,early,0.15,2,1
32,16,14,0.4375,29.59296391564245,31,4.954196310386875,24.638767605255573,R32_DENSE,dense,24,0.75,0,19,early,0.15,2,3
32,16,2,0.0625,5.044394119358446,31,4.954196310386875,0.09019780897157137,R32_DENSE,dense,24,0.75,0,20,late,0.85,14,1
32,16,2,0.0625,5.044394119358446,31,4.954196310386875,0.09019780897157137,R32_DENSE,dense,24,0.75,0,21,late,0.85,14,3
32,16,2,0.0625,5.044394119358446,31,4.954196310386875,0.09019780897157137,R32_DENSE,dense,24,0.75,0,22,late,0.85,14,3
32,16,2,0.0625,5.044394119358446,31,4.954196310386875,0.09019780897157137,R32_DENSE,dense,24,0.75,0,23,late,0.85,14,1
32,16,2,0.0625,5.044394119358446,31,4.954196310386875,0.09019780897157137,R32_DENSE,dense,24,0.75,0,24,late,0.85,14,1
32,16,2,0.0625,5.044394119358446,31,4.954196310386875,0.09019780897157137,R32_DENSE,dense,24,0.75,0,25,late,0.85,14,3
32,16,2,0.0625,5.044394119358446,31,4.954196310386875,0.09019780897157137,R32_DENSE,dense,24,0.75,0,26,late,0.85,14,3
32,16,2,0.0625,5.044394119358446,31,4.954196310386875,0.09019780897157137,R32_DENSE,dense,24,0.75,0,27,late,0.85,14,3
32,16,2,0.0625,5.044394119358446,31,4.954196310386875,0.09019780897157137,R32_DENSE,dense,24,0.75,0,28,late,0.85,14,1
32,16,2,0.0625,5.044394119358446,31,4.954196310386875,0.09019780897157137,R32_DENSE,dense,24,0.75,0,29,late,0.85,14,3
32,16,2,0.0625,5.044394119358446,31,4.954196310386875,0.09019780897157137,R32_DENSE,dense,24,0.75,0,30,late,0.85,14,3
32,16,2,0.0625,5.044394119358446,31,4.954196310386875,0.09019780897157137,R32_DENSE,dense,24,0.75,0,31,late,0.85,14,1
32,16,2,0.0625,5.044394119358446,31,4.954196310386875,0.09019780897157137,R32_DENSE,dense,24,0.75,0,32,late,0.85,14,3
32,16,2,0.0625,5.044394119358446,31,4.954196310386875,0.09019780897157137,R32_DENSE,dense,24,0.75,0,33,late,0.85,14,1
32,16,2,0.0625,5.044394119358446,31,4.954196310386875,0.09019780897157137,R32_DENSE,dense,24,0.75,0,34,late,0.85,14,3
32,16,2,0.0625,5.044394119358446,31,4.954196310386875,0.09019780897157137,R32_DENSE,dense,24,0.75,0,35,late,0.85,14,1
32,16,2,0.0625,5.044394119358446,31,4.954196310386875,0.09019780897157137,R32_DENSE,dense,24,0.75,0,36,late,0.85,14,3
32,16,2,0.0625,5.044394119358446,31,4.954196310386875,0.09019780897157137,R32_DENSE,dense,24,0.75,0,37,late,0.85,14,1
32,16,2,0.0625,5.044394119358446,31,4.954196310386875,0.09019780897157137,R32_DENSE,dense,24,0.75,0,38,late,0.85,14,3
32,16,2,0.0625,5.044394119358446,31,4.954196310386875,0.09019780897157137,R32_DENSE,dense,24,0.75,0,39,late,0.85,14,1
32,16,8,0.25,22.106253975668807,31,4.954196310386875,17.15205766528193,R32_DENSE,dense,24,0.75,0,40,middle,0.5,8,3
32,16,8,0.25,22.106253975668807,31,4.954196310386875,17.15205766528193,R32_DENSE,dense,24,0.75,0,41,middle,0.5,8,3
32,16,8,0.25,22.106253975668807,31,4.954196310386875,17.15205766528193,R32_DENSE,dense,24,0.75,0,42,middle,0.5,8,3
32,16,8,0.25,22.106253975668807,31,4.954196310386875,17.15205766528193,R32_DENSE,dense,24,0.75,0,43,middle,0.5,8,1
32,16,8,0.25,22.106253975668807,31,4.954196310386875,17.15205766528193,R32_DENSE,dense,24,0.75,0,44,middle,0.5,8,3
32,16,8,0.25,22.106253975668807,31,4.954196310386875,17.15205766528193,R32_DENSE,dense,24,0.75,0,45,middle,0.5,8,3
32,16,8,0.25,22.106253975668807,31,4.954196310386875,17.15205766528193,R32_DENSE,dense,24,0.75,0,46,middle,0.5,8,1
32,16,8,0.25,22.106253975668807,31,4.954196310386875,17.15205766528193,R32_DENSE,dense,24,0.75,0,47,middle,0.5,8,3
32,16,8,0.25,22.106253975668807,31,4.954196310386875,17.15205766528193,R32_DENSE,dense,24,0.75,0,48,middle,0.5,8,3
32,16,8,0.25,22.106253975668807,31,4.954196310386875,17.15205766528193,R32_DENSE,dense,24,0.75,0,49,middle,0.5,8,1
32,16,8,0.25,22.106253975668807,31,4.954196310386875,17.15205766528193,R32_DENSE,dense,24,0.75,0,50,middle,0.5,8,1
32,16,8,0.25,22.106253975668807,31,4.954196310386875,17.15205766528193,R32_DENSE,dense,24,0.75,0,51,middle,0.5,8,1
32,16,8,0.25,22.106253975668807,31,4.954196310386875,17.15205766528193,R32_DENSE,dense,24,0.75,0,52,middle,0.5,8,1
32,16,8,0.25,22.106253975668807,31,4.954196310386875,17.15205766528193,R32_DENSE,dense,24,0.75,0,53,middle,0.5,8,3
32,16,8,0.25,22.106253975668807,31,4.954196310386875,17.15205766528193,R32_DENSE,dense,24,0.75,0,54,middle,0.5,8,3
32,16,8,0.25,22.106253975668807,31,4.954196310386875,17.15205766528193,R32_DENSE,dense,24,0.75,0,55,middle,0.5,8,3
32,16,8,0.25,22.106253975668807,31,4.954196310386875,17.15205766528193,R32_DENSE,dense,24,0.75,0,56,middle,0.5,8,1
32,16,8,0.25,22.106253975668807,31,4.954196310386875,17.15205766528193,R32_DENSE,dense,24,0.75,0,57,middle,0.5,8,3
32,16,8,0.25,22.106253975668807,31,4.954196310386875,17.15205766528193,R32_DENSE,dense,24,0.75,0,58,middle,0.5,8,1
32,16,8,0.25,22.106253975668807,31,4.954196310386875,17.15205766528193,R32_DENSE,dense,24,0.75,0,59,middle,0.5,8,3
32,16,14,0.4375,29.59296391564245,31,4.954196310386875,24.638767605255573,R32_DENSE,dense,24,0.75,1,60,early,0.15,2,3
32,16,14,0.4375,29.59296391564245,31,4.954196310386875,24.638767605255573,R32_DENSE,dense,24,0.75,1,61,early,0.15,2,3
32,16,14,0.4375,29.59296391564245,31,4.954196310386875,24.638767605255573,R32_DENSE,dense,24,0.75,1,62,early,0.15,2,1
32,16,14,0.4375,29.59296391564245,31,4.954196310386875,24.638767605255573,R32_DENSE,dense,24,0.75,1,63,early,0.15,2,3
32,16,14,0.4375,29.59296391564245,31,4.954196310386875,24.638767605255573,R32_DENSE,dense,24,0.75,1,64,early,0.15,2,3
32,16,14,0.4375,29.59296391564245,31,4.954196310386875,24.638767605255573,R32_DENSE,dense,24,0.75,1,65,early,0.15,2,3
32,16,14,0.4375,29.59296391564245,31,4.954196310386875,24.638767605255573,R32_DENSE,dense,24,0.75,1,66,early,0.15,2,3
32,16,14,0.4375,29.59296391564245,31,4.954196310386875,24.638767605255573,R32_DENSE,dense,24,0.75,1,67,early,0.15,2,1
32,16,14,0.4375,29.59296391564245,31,4.954196310386875,24.638767605255573,R32_DENSE,dense,24,0.75,1,68,early,0.15,2,3
32,16,14,0.4375,29.59296391564245,31,4.954196310386875,24.638767605255573,R32_DENSE,dense,24,0.75,1,69,early,0.15,2,3
32,16,14,0.4375,29.59296391564245,31,4.954196310386875,24.638767605255573,R32_DENSE,dense,24,0.75,1,70,early,0.15,2,3
32,16,14,0.4375,29.59296391564245,31,4.954196310386875,24.638767605255573,R32_DENSE,dense,24,0.75,1,71,early,0.15,2,1
32,16,14,0.4375,29.59296391564245,31,4.954196310386875,24.638767605255573,R32_DENSE,dense,24,0.75,1,72,early,0.15,2,3
32,16,14,0.4375,29.59296391564245,31,4.954196310386875,24.638767605255573,R32_DENSE,dense,24,0.75,1,73,early,0.15,2,1
32,16,14,0.4375,29.59296391564245,31,4.954196310386875,24.638767605255573,R32_DENSE,dense,24,0.75,1,74,early,0.15,2,1
32,16,14,0.4375,29.59296391564245,31,4.954196310386875,24.638767605255573,R32_DENSE,dense,24,0.75,1,75,early,0.15,2,1
32,16,14,0.4375,29.59296391564245,31,4.954196310386875,24.638767605255573,R32_DENSE,dense,24,0.75,1,76,early,0.15,2,1
32,16,14,0.4375,29.59296391564245,31,4.954196310386875,24.638767605255573,R32_DENSE,dense,24,0.75,1,77,early,0.15,2,1
32,16,14,0.4375,29.59296391564245,31,4.954196310386875,24.638767605255573,R32_DENSE,dense,24,0.75,1,78,early,0.15,2,3
32,16,14,0.4375,29.59296391564245,31,4.954196310386875,24.638767605255573,R32_DENSE,dense,24,0.75,1,79,early,0.15,2,1
32,16,2,0.0625,5.044394119358446,31,4.954196310386875,0.09019780897157137,R32_DENSE,dense,24,0.75,1,80,late,0.85,14,3
32,16,2,0.0625,5.044394119358446,31,4.954196310386875,0.09019780897157137,R32_DENSE,dense,24,0.75,1,81,late,0.85,14,3
32,16,2,0.0625,5.044394119358446,31,4.954196310386875,0.09019780897157137,R32_DENSE,dense,24,0.75,1,82,late,0.85,14,1
32,16,2,0.0625,5.044394119358446,31,4.954196310386875,0.09019780897157137,R32_DENSE,dense,24,0.75,1,83,late,0.85,14,1
32,16,2,0.0625,5.044394119358446,31,4.954196310386875,0.09019780897157137,R32_DENSE,dense,24,0.75,1,84,late,0.85,14,3
32,16,2,0.0625,5.044394119358446,31,4.954196310386875,0.09019780897157137,R32_DENSE,dense,24,0.75,1,85,late,0.85,14,3
32,16,2,0.0625,5.044394119358446,31,4.954196310386875,0.09019780897157137,R32_DENSE,dense,24,0.75,1,86,late,0.85,14,1
32,16,2,0.0625,5.044394119358446,31,4.954196310386875,0.09019780897157137,R32_DENSE,dense,24,0.75,1,87,late,0.85,14,3
32,16,2,0.0625,5.044394119358446,31,4.954196310386875,0.09019780897157137,R32_DENSE,dense,24,0.75,1,88,late,0.85,14,3
32,16,2,0.0625,5.044394119358446,31,4.954196310386875,0.09019780897157137,R32_DENSE,dense,24,0.75,1,89,late,0.85,14,3
32,16,2,0.0625,5.044394119358446,31,4.954196310386875,0.09019780897157137,R32_DENSE,dense,24,0.75,1,90,late,0.85,14,3
32,16,2,0.0625,5.044394119358446,31,4.954196310386875,0.09019780897157137,R32_DENSE,dense,24,0.75,1,91,late,0.85,14,3
32,16,2,0.0625,5.044394119358446,31,4.954196310386875,0.09019780897157137,R32_DENSE,dense,24,0.75,1,92,late,0.85,14,3
32,16,2,0.0625,5.044394119358446,31,4.954196310386875,0.09019780897157137,R32_DENSE,dense,24,0.75,1,93,late,0.85,14,1
32,16,2,0.0625,5.044394119358446,31,4.954196310386875,0.09019780897157137,R32_DENSE,dense,24,0.75,1,94,late,0.85,14,3
32,16,2,0.0625,5.044394119358446,31,4.954196310386875,0.09019780897157137,R32_DENSE,dense,24,0.75,1,95,late,0.85,14,3
32,16,2,0.0625,5.044394119358446,31,4.954196310386875,0.09019780897157137,R32_DENSE,dense,24,0.75,1,96,late,0.85,14,1
32,16,2,0.0625,5.044394119358446,31,4.954196310386875,0.09019780897157137,R32_DENSE,dense,24,0.75,1,97,late,0.85,14,1
32,16,2,0.0625,5.044394119358446,31,4.954196310386875,0.09019780897157137,R32_DENSE,dense,24,0.75,1,98,late,0.85,14,3
32,16,2,0.0625,5.044394119358446,31,4.954196310386875,0.09019780897157137,R32_DENSE,dense,24,0.75,1,99,late,0.85,14,3
32,16,8,0.25,22.106253975668807,31,4.954196310386875,17.15205766528193,R32_DENSE,dense,24,0.75,1,100,middle,0.5,8,1
32,16,8,0.25,22.106253975668807,31,4.954196310386875,17.15205766528193,R32_DENSE,dense,24,0.75,1,101,middle,0.5,8,1
32,16,8,0.25,22.106253975668807,31,4.954196310386875,17.15205766528193,R32_DENSE,dense,24,0.75,1,102,middle,0.5,8,1
32,16,8,0.25,22.106253975668807,31,4.954196310386875,17.15205766528193,R32_DENSE,dense,24,0.75,1,103,middle,0.5,8,1
32,16,8,0.25,22.106253975668807,31,4.954196310386875,17.15205766528193,R32_DENSE,dense,24,0.75,1,104,middle,0.5,8,3
32,16,8,0.25,22.106253975668807,31,4.954196310386875,17.15205766528193,R32_DENSE,dense,24,0.75,1,105,middle,0.5,8,1
32,16,8,0.25,22.106253975668807,31,4.954196310386875,17.15205766528193,R32_DENSE,dense,24,0.75,1,106,middle,0.5,8,1
32,16,8,0.25,22.106253975668807,31,4.954196310386875,17.15205766528193,R32_DENSE,dense,24,0.75,1,107,middle,0.5,8,3
32,16,8,0.25,22.106253975668807,31,4.954196310386875,17.15205766528193,R32_DENSE,dense,24,0.75,1,108,middle,0.5,8,3
32,16,8,0.25,22.106253975668807,31,4.954196310386875,17.15205766528193,R32_DENSE,dense,24,0.75,1,109,middle,0.5,8,1
32,16,8,0.25,22.106253975668807,31,4.954196310386875,17.15205766528193,R32_DENSE,dense,24,0.75,1,110,middle,0.5,8,1
32,16,8,0.25,22.106253975668807,31,4.954196310386875,17.15205766528193,R32_DENSE,dense,24,0.75,1,111,middle,0.5,8,1
32,16,8,0.25,22.106253975668807,31,4.954196310386875,17.15205766528193,R32_DENSE,dense,24,0.75,1,112,middle,0.5,8,1
32,16,8,0.25,22.106253975668807,31,4.954196310386875,17.15205766528193,R32_DENSE,dense,24,0.75,1,113,middle,0.5,8,1
32,16,8,0.25,22.106253975668807,31,4.954196310386875,17.15205766528193,R32_DENSE,dense,24,0.75,1,114,middle,0.5,8,1
32,16,8,0.25,22.106253975668807,31,4.954196310386875,17.15205766528193,R32_DENSE,dense,24,0.75,1,115,middle,0.5,8,1
32,16,8,0.25,22.106253975668807,31,4.954196310386875,17.15205766528193,R32_DENSE,dense,24,0.75,1,116,middle,0.5,8,1
32,16,8,0.25,22.106253975668807,31,4.954196310386875,17.15205766528193,R32_DENSE,dense,24,0.75,1,117,middle,0.5,8,3
32,16,8,0.25,22.106253975668807,31,4.954196310386875,17.15205766528193,R32_DENSE,dense,24,0.75,1,118,middle,0.5,8,3
32,16,8,0.25,22.106253975668807,31,4.954196310386875,17.15205766528193,R32_DENSE,dense,24,0.75,1,119,middle,0.5,8,1
32,16,14,0.4375,29.59296391564245,31,4.954196310386875,24.638767605255573,R32_DENSE,dense,24,0.75,2,120,early,0.15,2,3
32,16,14,0.4375,29.59296391564245,31,4.954196310386875,24.638767605255573,R32_DENSE,dense,24,0.75,2,121,early,0.15,2,1
32,16,14,0.4375,29.59296391564245,31,4.954196310386875,24.638767605255573,R32_DENSE,dense,24,0.75,2,122,early,0.15,2,3
32,16,14,0.4375,29.59296391564245,31,4.954196310386875,24.638767605255573,R32_DENSE,dense,24,0.75,2,123,early,0.15,2,3
32,16,14,0.4375,29.59296391564245,31,4.954196310386875,24.638767605255573,R32_DENSE,dense,24,0.75,2,124,early,0.15,2,1
32,16,14,0.4375,29.59296391564245,31,4.954196310386875,24.638767605255573,R32_DENSE,dense,24,0.75,2,125,early,0.15,2,3
32,16,14,0.4375,29.59296391564245,31,4.954196310386875,24.638767605255573,R32_DENSE,dense,24,0.75,2,126,early,0.15,2,3
32,16,14,0.4375,29.59296391564245,31,4.954196310386875,24.638767605255573,R32_DENSE,dense,24,0.75,2,127,early,0.15,2,1
32,16,14,0.4375,29.59296391564245,31,4.954196310386875,24.638767605255573,R32_DENSE,dense,24,0.75,2,128,early,0.15,2,3
32,16,14,0.4375,29.59296391564245,31,4.954196310386875,24.638767605255573,R32_DENSE,dense,24,0.75,2,129,early,0.15,2,3
32,16,14,0.4375,29.59296391564245,31,4.954196310386875,24.638767605255573,R32_DENSE,dense,24,0.75,2,130,early,0.15,2,3
32,16,14,0.4375,29.59296391564245,31,4.954196310386875,24.638767605255573,R32_DENSE,dense,24,0.75,2,131,early,0.15,2,1
32,16,14,0.4375,29.59296391564245,31,4.954196310386875,24.638767605255573,R32_DENSE,dense,24,0.75,2,132,early,0.15,2,1
32,16,14,0.4375,29.59296391564245,31,4.954196310386875,24.638767605255573,R32_DENSE,dense,24,0.75,2,133,early,0.15,2,3
32,16,14,0.4375,29.59296391564245,31,4.954196310386875,24.638767605255573,R32_DENSE,dense,24,0.75,2,134,early,0.15,2,3
32,16,14,0.4375,29.59296391564245,31,4.954196310386875,24.638767605255573,R32_DENSE,dense,24,0.75,2,135,early,0.15,2,3
32,16,14,0.4375,29.59296391564245,31,4.954196310386875,24.638767605255573,R32_DENSE,dense,24,0.75,2,136,early,0.15,2,3
32,16,14,0.4375,29.59296391564245,31,4.954196310386875,24.638767605255573,R32_DENSE,dense,24,0.75,2,137,early,0.15,2,1
32,16,14,0.4375,29.59296391564245,31,4.954196310386875,24.638767605255573,R32_DENSE,dense,24,0.75,2,138,early,0.15,2,3
32,16,14,0.4375,29.59296391564245,31,4.954196310386875,24.638767605255573,R32_DENSE,dense,24,0.75,2,139,early,0.15,2,3
32,16,2,0.0625,5.044394119358446,31,4.954196310386875,0.09019780897157137,R32_DENSE,dense,24,0.75,2,140,late,0.85,14,1
32,16,2,0.0625,5.044394119358446,31,4.954196310386875,0.09019780897157137,R32_DENSE,dense,24,0.75,2,141,late,0.85,14,1
32,16,2,0.0625,5.044394119358446,31,4.954196310386875,0.09019780897157137,R32_DENSE,dense,24,0.75,2,142,late,0.85,14,1
32,16,2,0.0625,5.044394119358446,31,4.954196310386875,0.09019780897157137,R32_DENSE,dense,24,0.75,2,143,late,0.85,14,1
32,16,2,0.0625,5.044394119358446,31,4.954196310386875,0.09019780897157137,R32_DENSE,dense,24,0.75,2,144,late,0.85,14,3
32,16,2,0.0625,5.044394119358446,31,4.954196310386875,0.09019780897157137,R32_DENSE,dense,24,0.75,2,145,late,0.85,14,3
32,16,2,0.0625,5.044394119358446,31,4.954196310386875,0.09019780897157137,R32_DENSE,dense,24,0.75,2,146,late,0.85,14,1
32,16,2,0.0625,5.044394119358446,31,4.954196310386875,0.09019780897157137,R32_DENSE,dense,24,0.75,2,147,late,0.85,14,1
32,16,2,0.0625,5.044394119358446,31,4.954196310386875,0.09019780897157137,R32_DENSE,dense,24,0.75,2,148,late,0.85,14,1
32,16,2,0.0625,5.044394119358446,31,4.954196310386875,0.09019780897157137,R32_DENSE,dense,24,0.75,2,149,late,0.85,14,3
32,16,2,0.0625,5.044394119358446,31,4.954196310386875,0.09019780897157137,R32_DENSE,dense,24,0.75,2,150,late,0.85,14,1
32,16,2,0.0625,5.044394119358446,31,4.954196310386875,0.09019780897157137,R32_DENSE,dense,24,0.75,2,151,late,0.85,14,3
32,16,2,0.0625,5.044394119358446,31,4.954196310386875,0.09019780897157137,R32_DENSE,dense,24,0.75,2,152,late,0.85,14,1
32,16,2,0.0625,5.044394119358446,31,4.954196310386875,0.09019780897157137,R32_DENSE,dense,24,0.75,2,153,late,0.85,14,3
32,16,2,0.0625,5.044394119358446,31,4.954196310386875,0.09019780897157137,R32_DENSE,dense,24,0.75,2,154,late,0.85,14,3
32,16,2,0.0625,5.044394119358446,31,4.954196310386875,0.09019780897157137,R32_DENSE,dense,24,0.75,2,155,late,0.85,14,3
32,16,2,0.0625,5.044394119358446,31,4.954196310386875,0.09019780897157137,R32_DENSE,dense,24,0.75,2,156,late,0.85,14,3
32,16,2,0.0625,5.044394119358446,31,4.954196310386875,0.09019780897157137,R32_DENSE,dense,24,0.75,2,157,late,0.85,14,1
32,16,2,0.0625,5.044394119358446,31,4.954196310386875,0.09019780897157137,R32_DENSE,dense,24,0.75,2,158,late,0.85,14,3
32,16,2,0.0625,5.044394119358446,31,4.954196310386875,0.09019780897157137,R32_DENSE,dense,24,0.75,2,159,late,0.85,14,1
32,16,8,0.25,22.106253975668807,31,4.954196310386875,17.15205766528193,R32_DENSE,dense,24,0.75,2,160,middle,0.5,8,1
32,16,8,0.25,22.106253975668807,31,4.954196310386875,17.15205766528193,R32_DENSE,dense,24,0.75,2,161,middle,0.5,8,1
32,16,8,0.25,22.106253975668807,31,4.954196310386875,17.15205766528193,R32_DENSE,dense,24,0.75,2,162,middle,0.5,8,1
32,16,8,0.25,22.106253975668807,31,4.954196310386875,17.15205766528193,R32_DENSE,dense,24,0.75,2,163,middle,0.5,8,1
32,16,8,0.25,22.106253975668807,31,4.954196310386875,17.15205766528193,R32_DENSE,dense,24,0.75,2,164,middle,0.5,8,3
32,16,8,0.25,22.106253975668807,31,4.954196310386875,17.15205766528193,R32_DENSE,dense,24,0.75,2,165,middle,0.5,8,1
32,16,8,0.25,22.106253975668807,31,4.954196310386875,17.15205766528193,R32_DENSE,dense,24,0.75,2,166,middle,0.5,8,3
32,16,8,0.25,22.106253975668807,31,4.954196310386875,17.15205766528193,R32_DENSE,dense,24,0.75,2,167,middle,0.5,8,1
32,16,8,0.25,22.106253975668807,31,4.954196310386875,17.15205766528193,R32_DENSE,dense,24,0.75,2,168,middle,0.5,8,1
32,16,8,0.25,22.106253975668807,31,4.954196310386875,17.15205766528193,R32_DENSE,dense,24,0.75,2,169,middle,0.5,8,3
32,16,8,0.25,22.106253975668807,31,4.954196310386875,17.15205766528193,R32_DENSE,dense,24,0.75,2,170,middle,0.5,8,3
32,16,8,0.25,22.106253975668807,31,4.954196310386875,17.15205766528193,R32_DENSE,dense,24,0.75,2,171,middle,0.5,8,1
32,16,8,0.25,22.106253975668807,31,4.954196310386875,17.15205766528193,R32_DENSE,dense,24,0.75,2,172,middle,0.5,8,3
32,16,8,0.25,22.106253975668807,31,4.954196310386875,17.15205766528193,R32_DENSE,dense,24,0.75,2,173,middle,0.5,8,3
32,16,8,0.25,22.106253975668807,31,4.954196310386875,17.15205766528193,R32_DENSE,dense,24,0.75,2,174,middle,0.5,8,1
32,16,8,0.25,22.106253975668807,31,4.954196310386875,17.15205766528193,R32_DENSE,dense,24,0.75,2,175,middle,0.5,8,3
32,16,8,0.25,22.106253975668807,31,4.954196310386875,17.15205766528193,R32_DENSE,dense,24,0.75,2,176,middle,0.5,8,3
32,16,8,0.25,22.106253975668807,31,4.954196310386875,17.15205766528193,R32_DENSE,dense,24,0.75,2,177,middle,0.5,8,1
32,16,8,0.25,22.106253975668807,31,4.954196310386875,17.15205766528193,R32_DENSE,dense,24,0.75,2,178,middle,0.5,8,1
32,16,8,0.25,22.106253975668807,31,4.954196310386875,17.15205766528193,R32_DENSE,dense,24,0.75,2,179,middle,0.5,8,1
64,32,27,0.421875,60.432043584004084,63,5.977279923499917,54.45476366050417,R64_DENSE,dense,56,0.875,0,180,early,0.15,5,3
64,32,27,0.421875,60.432043584004084,63,5.977279923499917,54.45476366050417,R64_DENSE,dense,56,0.875,0,181,early,0.15,5,1
64,32,27,0.421875,60.432043584004084,63,5.977279923499917,54.45476366050417,R64_DENSE,dense,56,0.875,0,182,early,0.15,5,1
64,32,27,0.421875,60.432043584004084,63,5.977279923499917,54.45476366050417,R64_DENSE,dense,56,0.875,0,183,early,0.15,5,3
64,32,27,0.421875,60.432043584004084,63,5.977279923499917,54.45476366050417,R64_DENSE,dense,56,0.875,0,184,early,0.15,5,1
64,32,27,0.421875,60.432043584004084,63,5.977279923499917,54.45476366050417,R64_DENSE,dense,56,0.875,0,185,early,0.15,5,1
64,32,27,0.421875,60.432043584004084,63,5.977279923499917,54.45476366050417,R64_DENSE,dense,56,0.875,0,186,early,0.15,5,1
64,32,27,0.421875,60.432043584004084,63,5.977279923499917,54.45476366050417,R64_DENSE,dense,56,0.875,0,187,early,0.15,5,1
64,32,27,0.421875,60.432043584004084,63,5.977279923499917,54.45476366050417,R64_DENSE,dense,56,0.875,0,188,early,0.15,5,3
64,32,27,0.421875,60.432043584004084,63,5.977279923499917,54.45476366050417,R64_DENSE,dense,56,0.875,0,189,early,0.15,5,1
64,32,27,0.421875,60.432043584004084,63,5.977279923499917,54.45476366050417,R64_DENSE,dense,56,0.875,0,190,early,0.15,5,1
64,32,27,0.421875,60.432043584004084,63,5.977279923499917,54.45476366050417,R64_DENSE,dense,56,0.875,0,191,early,0.15,5,1
64,32,27,0.421875,60.432043584004084,63,5.977279923499917,54.45476366050417,R64_DENSE,dense,56,0.875,0,192,early,0.15,5,1
64,32,27,0.421875,60.432043584004084,63,5.977279923499917,54.45476366050417,R64_DENSE,dense,56,0.875,0,193,early,0.15,5,3
64,32,27,0.421875,60.432043584004084,63,5.977279923499917,54.45476366050417,R64_DENSE,dense,56,0.875,0,194,early,0.15,5,1
64,32,27,0.421875,60.432043584004084,63,5.977279923499917,54.45476366050417,R64_DENSE,dense,56,0.875,0,195,early,0.15,5,3
64,32,27,0.421875,60.432043584004084,63,5.977279923499917,54.45476366050417,R64_DENSE,dense,56,0.875,0,196,early,0.15,5,3
64,32,27,0.421875,60.432043584004084,63,5.977279923499917,54.45476366050417,R64_DENSE,dense,56,0.875,0,197,early,0.15,5,1
64,32,27,0.421875,60.432043584004084,63,5.977279923499917,54.45476366050417,R64_DENSE,dense,56,0.875,0,198,early,0.15,5,3
64,32,27,0.421875,60.432043584004084,63,5.977279923499917,54.45476366050417,R64_DENSE,dense,56,0.875,0,199,early,0.15,5,3
64,32,5,0.078125,19.373309118932838,63,5.977279923499917,13.39602919543292,R64_DENSE,dense,56,0.875,0,200,late,0.85,27,3
64,32,5,0.078125,19.373309118932838,63,5.977279923499917,13.39602919543292,R64_DENSE,dense,56,0.875,0,201,late,0.85,27,3
64,32,5,0.078125,19.373309118932838,63,5.977279923499917,13.39602919543292,R64_DENSE,dense,56,0.875,0,202,late,0.85,27,1
64,32,5,0.078125,19.373309118932838,63,5.977279923499917,13.39602919543292,R64_DENSE,dense,56,0.875,0,203,late,0.85,27,3
64,32,5,0.078125,19.373309118932838,63,5.977279923499917,13.39602919543292,R64_DENSE,dense,56,0.875,0,204,late,0.85,27,1
64,32,5,0.078125,19.373309118932838,63,5.977279923499917,13.39602919543292,R64_DENSE,dense,56,0.875,0,205,late,0.85,27,3
64,32,5,0.078125,19.373309118932838,63,5.977279923499917,13.39602919543292,R64_DENSE,dense,56,0.875,0,206,late,0.85,27,1
64,32,5,0.078125,19.373309118932838,63,5.977279923499917,13.39602919543292,R64_DENSE,dense,56,0.875,0,207,late,0.85,27,1
64,32,5,0.078125,19.373309118932838,63,5.977279923499917,13.39602919543292,R64_DENSE,dense,56,0.875,0,208,late,0.85,27,1
64,32,5,0.078125,19.373309118932838,63,5.977279923499917,13.39602919543292,R64_DENSE,dense,56,0.875,0,209,late,0.85,27,1
64,32,5,0.078125,19.373309118932838,63,5.977279923499917,13.39602919543292,R64_DENSE,dense,56,0.875,0,210,late,0.85,27,1
64,32,5,0.078125,19.373309118932838,63,5.977279923499917,13.39602919543292,R64_DENSE,dense,56,0.875,0,211,late,0.85,27,1
64,32,5,0.078125,19.373309118932838,63,5.977279923499917,13.39602919543292,R64_DENSE,dense,56,0.875,0,212,late,0.85,27,1
64,32,5,0.078125,19.373309118932838,63,5.977279923499917,13.39602919543292,R64_DENSE,dense,56,0.875,0,213,late,0.85,27,1
64,32,5,0.078125,19.373309118932838,63,5.977279923499917,13.39602919543292,R64_DENSE,dense,56,0.875,0,214,late,0.85,27,3
64,32,5,0.078125,19.373309118932838,63,5.977279923499917,13.39602919543292,R64_DENSE,dense,56,0.875,0,215,late,0.85,27,1
64,32,5,0.078125,19.373309118932838,63,5.977279923499917,13.39602919543292,R64_DENSE,dense,56,0.875,0,216,late,0.85,27,1
64,32,5,0.078125,19.373309118932838,63,5.977279923499917,13.39602919543292,R64_DENSE,dense,56,0.875,0,217,late,0.85,27,1
64,32,5,0.078125,19.373309118932838,63,5.977279923499917,13.39602919543292,R64_DENSE,dense,56,0.875,0,218,late,0.85,27,1
64,32,5,0.078125,19.373309118932838,63,5.977279923499917,13.39602919543292,R64_DENSE,dense,56,0.875,0,219,late,0.85,27,3
64,32,16,0.25,47.675144414876385,63,5.977279923499917,41.69786449137647,R64_DENSE,dense,56,0.875,0,220,middle,0.5,16,1
64,32,16,0.25,47.675144414876385,63,5.977279923499917,41.69786449137647,R64_DENSE,dense,56,0.875,0,221,middle,0.5,16,3
64,32,16,0.25,47.675144414876385,63,5.977279923499917,41.69786449137647,R64_DENSE,dense,56,0.875,0,222,middle,0.5,16,1
64,32,16,0.25,47.675144414876385,63,5.977279923499917,41.69786449137647,R64_DENSE,dense,56,0.875,0,223,middle,0.5,16,3
64,32,16,0.25,47.675144414876385,63,5.977279923499917,41.69786449137647,R64_DENSE,dense,56,0.875,0,224,middle,0.5,16,1
64,32,16,0.25,47.675144414876385,63,5.977279923499917,41.69786449137647,R64_DENSE,dense,56,0.875,0,225,middle,0.5,16,3
64,32,16,0.25,47.675144414876385,63,5.977279923499917,41.69786449137647,R64_DENSE,dense,56,0.875,0,226,middle,0.5,16,1
64,32,16,0.25,47.675144414876385,63,5.977279923499917,41.69786449137647,R64_DENSE,dense,56,0.875,0,227,middle,0.5,16,1
64,32,16,0.25,47.675144414876385,63,5.977279923499917,41.69786449137647,R64_DENSE,dense,56,0.875,0,228,middle,0.5,16,1
64,32,16,0.25,47.675144414876385,63,5.977279923499917,41.69786449137647,R64_DENSE,dense,56,0.875,0,229,middle,0.5,16,3
64,32,16,0.25,47.675144414876385,63,5.977279923499917,41.69786449137647,R64_DENSE,dense,56,0.875,0,230,middle,0.5,16,1
64,32,16,0.25,47.675144414876385,63,5.977279923499917,41.69786449137647,R64_DENSE,dense,56,0.875,0,231,middle,0.5,16,1
64,32,16,0.25,47.675144414876385,63,5.977279923499917,41.69786449137647,R64_DENSE,dense,56,0.875,0,232,middle,0.5,16,1
64,32,16,0.25,47.675144414876385,63,5.977279923499917,41.69786449137647,R64_DENSE,dense,56,0.875,0,233,middle,0.5,16,1
64,32,16,0.25,47.675144414876385,63,5.977279923499917,41.69786449137647,R64_DENSE,dense,56,0.875,0,234,middle,0.5,16,1
64,32,16,0.25,47.675144414876385,63,5.977279923499917,41.69786449137647,R64_DENSE,dense,56,0.875,0,235,middle,0.5,16,3
64,32,16,0.25,47.675144414876385,63,5.977279923499917,41.69786449137647,R64_DENSE,dense,56,0.875,0,236,middle,0.5,16,3
64,32,16,0.25,47.675144414876385,63,5.977279923499917,41.69786449137647,R64_DENSE,dense,56,0.875,0,237,middle,0.5,16,3
64,32,16,0.25,47.675144414876385,63,5.977279923499917,41.69786449137647,R64_DENSE,dense,56,0.875,0,238,middle,0.5,16,3
64,32,16,0.25,47.675144414876385,63,5.977279923499917,41.69786449137647,R64_DENSE,dense,56,0.875,0,239,middle,0.5,16,1
64,32,27,0.421875,60.432043584004084,63,5.977279923499917,54.45476366050417,R64_DENSE,dense,56,0.875,1,240,early,0.15,5,3
64,32,27,0.421875,60.432043584004084,63,5.977279923499917,54.45476366050417,R64_DENSE,dense,56,0.875,1,241,early,0.15,5,1
64,32,27,0.421875,60.432043584004084,63,5.977279923499917,54.45476366050417,R64_DENSE,dense,56,0.875,1,242,early,0.15,5,1
64,32,27,0.421875,60.432043584004084,63,5.977279923499917,54.45476366050417,R64_DENSE,dense,56,0.875,1,243,early,0.15,5,1
64,32,27,0.421875,60.432043584004084,63,5.977279923499917,54.45476366050417,R64_DENSE,dense,56,0.875,1,244,early,0.15,5,3
64,32,27,0.421875,60.432043584004084,63,5.977279923499917,54.45476366050417,R64_DENSE,dense,56,0.875,1,245,early,0.15,5,1
64,32,27,0.421875,60.432043584004084,63,5.977279923499917,54.45476366050417,R64_DENSE,dense,56,0.875,1,246,early,0.15,5,3
64,32,27,0.421875,60.432043584004084,63,5.977279923499917,54.45476366050417,R64_DENSE,dense,56,0.875,1,247,early,0.15,5,3
64,32,27,0.421875,60.432043584004084,63,5.977279923499917,54.45476366050417,R64_DENSE,dense,56,0.875,1,248,early,0.15,5,1
64,32,27,0.421875,60.432043584004084,63,5.977279923499917,54.45476366050417,R64_DENSE,dense,56,0.875,1,249,early,0.15,5,1
64,32,27,0.421875,60.432043584004084,63,5.977279923499917,54.45476366050417,R64_DENSE,dense,56,0.875,1,250,early,0.15,5,3
64,32,27,0.421875,60.432043584004084,63,5.977279923499917,54.45476366050417,R64_DENSE,dense,56,0.875,1,251,early,0.15,5,3
64,32,27,0.421875,60.432043584004084,63,5.977279923499917,54.45476366050417,R64_DENSE,dense,56,0.875,1,252,early,0.15,5,1
64,32,27,0.421875,60.432043584004084,63,5.977279923499917,54.45476366050417,R64_DENSE,dense,56,0.875,1,253,early,0.15,5,3
64,32,27,0.421875,60.432043584004084,63,5.977279923499917,54.45476366050417,R64_DENSE,dense,56,0.875,1,254,early,0.15,5,3
64,32,27,0.421875,60.432043584004084,63,5.977279923499917,54.45476366050417,R64_DENSE,dense,56,0.875,1,255,early,0.15,5,1
64,32,27,0.421875,60.432043584004084,63,5.977279923499917,54.45476366050417,R64_DENSE,dense,56,0.875,1,256,early,0.15,5,1
64,32,27,0.421875,60.432043584004084,63,5.977279923499917,54.45476366050417,R64_DENSE,dense,56,0.875,1,257,early,0.15,5,1
64,32,27,0.421875,60.432043584004084,63,5.977279923499917,54.45476366050417,R64_DENSE,dense,56,0.875,1,258,early,0.15,5,1
64,32,27,0.421875,60.432043584004084,63,5.977279923499917,54.45476366050417,R64_DENSE,dense,56,0.875,1,259,early,0.15,5,3
64,32,5,0.078125,19.373309118932838,63,5.977279923499917,13.39602919543292,R64_DENSE,dense,56,0.875,1,260,late,0.85,27,3
64,32,5,0.078125,19.373309118932838,63,5.977279923499917,13.39602919543292,R64_DENSE,dense,56,0.875,1,261,late,0.85,27,1
64,32,5,0.078125,19.373309118932838,63,5.977279923499917,13.39602919543292,R64_DENSE,dense,56,0.875,1,262,late,0.85,27,1
64,32,5,0.078125,19.373309118932838,63,5.977279923499917,13.39602919543292,R64_DENSE,dense,56,0.875,1,263,late,0.85,27,3
64,32,5,0.078125,19.373309118932838,63,5.977279923499917,13.39602919543292,R64_DENSE,dense,56,0.875,1,264,late,0.85,27,3
64,32,5,0.078125,19.373309118932838,63,5.977279923499917,13.39602919543292,R64_DENSE,dense,56,0.875,1,265,late,0.85,27,3
64,32,5,0.078125,19.373309118932838,63,5.977279923499917,13.39602919543292,R64_DENSE,dense,56,0.875,1,266,late,0.85,27,1
64,32,5,0.078125,19.373309118932838,63,5.977279923499917,13.39602919543292,R64_DENSE,dense,56,0.875,1,267,late,0.85,27,1
64,32,5,0.078125,19.373309118932838,63,5.977279923499917,13.39602919543292,R64_DENSE,dense,56,0.875,1,268,late,0.85,27,1
64,32,5,0.078125,19.373309118932838,63,5.977279923499917,13.39602919543292,R64_DENSE,dense,56,0.875,1,269,late,0.85,27,3
64,32,5,0.078125,19.373309118932838,63,5.977279923499917,13.39602919543292,R64_DENSE,dense,56,0.875,1,270,late,0.85,27,3
64,32,5,0.078125,19.373309118932838,63,5.977279923499917,13.39602919543292,R64_DENSE,dense,56,0.875,1,271,late,0.85,27,3
64,32,5,0.078125,19.373309118932838,63,5.977279923499917,13.39602919543292,R64_DENSE,dense,56,0.875,1,272,late,0.85,27,3
64,32,5,0.078125,19.373309118932838,63,5.977279923499917,13.39602919543292,R64_DENSE,dense,56,0.875,1,273,late,0.85,27,1
64,32,5,0.078125,19.373309118932838,63,5.977279923499917,13.39602919543292,R64_DENSE,dense,56,0.875,1,274,late,0.85,27,1
64,32,5,0.078125,19.373309118932838,63,5.977279923499917,13.39602919543292,R64_DENSE,dense,56,0.875,1,275,late,0.85,27,1
64,32,5,0.078125,19.373309118932838,63,5.977279923499917,13.39602919543292,R64_DENSE,dense,56,0.875,1,276,late,0.85,27,1
64,32,5,0.078125,19.373309118932838,63,5.977279923499917,13.39602919543292,R64_DENSE,dense,56,0.875,1,277,late,0.85,27,3
64,32,5,0.078125,19.373309118932838,63,5.977279923499917,13.39602919543292,R64_DENSE,dense,56,0.875,1,278,late,0.85,27,3
64,32,5,0.078125,19.373309118932838,63,5.977279923499917,13.39602919543292,R64_DENSE,dense,56,0.875,1,279,late,0.85,27,1
64,32,16,0.25,47.675144414876385,63,5.977279923499917,41.69786449137647,R64_DENSE,dense,56,0.875,1,280,middle,0.5,16,3
64,32,16,0.25,47.675144414876385,63,5.977279923499917,41.69786449137647,R64_DENSE,dense,56,0.875,1,281,middle,0.5,16,3
64,32,16,0.25,47.675144414876385,63,5.977279923499917,41.69786449137647,R64_DENSE,dense,56,0.875,1,282,middle,0.5,16,1
64,32,16,0.25,47.675144414876385,63,5.977279923499917,41.69786449137647,R64_DENSE,dense,56,0.875,1,283,middle,0.5,16,1
64,32,16,0.25,47.675144414876385,63,5.977279923499917,41.69786449137647,R64_DENSE,dense,56,0.875,1,284,middle,0.5,16,3
64,32,16,0.25,47.675144414876385,63,5.977279923499917,41.69786449137647,R64_DENSE,dense,56,0.875,1,285,middle,0.5,16,3
64,32,16,0.25,47.675144414876385,63,5.977279923499917,41.69786449137647,R64_DENSE,dense,56,0.875,1,286,middle,0.5,16,3
64,32,16,0.25,47.675144414876385,63,5.977279923499917,41.69786449137647,R64_DENSE,dense,56,0.875,1,287,middle,0.5,16,3
64,32,16,0.25,47.675144414876385,63,5.977279923499917,41.69786449137647,R64_DENSE,dense,56,0.875,1,288,middle,0.5,16,3
64,32,16,0.25,47.675144414876385,63,5.977279923499917,41.69786449137647,R64_DENSE,dense,56,0.875,1,289,middle,0.5,16,3
64,32,16,0.25,47.675144414876385,63,5.977279923499917,41.69786449137647,R64_DENSE,dense,56,0.875,1,290,middle,0.5,16,3
64,32,16,0.25,47.675144414876385,63,5.977279923499917,41.69786449137647,R64_DENSE,dense,56,0.875,1,291,middle,0.5,16,3
64,32,16,0.25,47.675144414876385,63,5.977279923499917,41.69786449137647,R64_DENSE,dense,56,0.875,1,292,middle,0.5,16,1
64,32,16,0.25,47.675144414876385,63,5.977279923499917,41.69786449137647,R64_DENSE,dense,56,0.875,1,293,middle,0.5,16,3
64,32,16,0.25,47.675144414876385,63,5.977279923499917,41.69786449137647,R64_DENSE,dense,56,0.875,1,294,middle,0.5,16,1
64,32,16,0.25,47.675144414876385,63,5.977279923499917,41.69786449137647,R64_DENSE,dense,56,0.875,1,295,middle,0.5,16,3
64,32,16,0.25,47.675144414876385,63,5.977279923499917,41.69786449137647,R64_DENSE,dense,56,0.875,1,296,middle,0.5,16,1
64,32,16,0.25,47.675144414876385,63,5.977279923499917,41.69786449137647,R64_DENSE,dense,56,0.875,1,297,middle,0.5,16,3
64,32,16,0.25,47.675144414876385,63,5.977279923499917,41.69786449137647,R64_DENSE,dense,56,0.875,1,298,middle,0.5,16,3
64,32,16,0.25,47.675144414876385,63,5.977279923499917,41.69786449137647,R64_DENSE,dense,56,0.875,1,299,middle,0.5,16,3
64,32,27,0.421875,60.432043584004084,63,5.977279923499917,54.45476366050417,R64_DENSE,dense,56,0.875,2,300,early,0.15,5,3
64,32,27,0.421875,60.432043584004084,63,5.977279923499917,54.45476366050417,R64_DENSE,dense,56,0.875,2,301,early,0.15,5,1
64,32,27,0.421875,60.432043584004084,63,5.977279923499917,54.45476366050417,R64_DENSE,dense,56,0.875,2,302,early,0.15,5,1
64,32,27,0.421875,60.432043584004084,63,5.977279923499917,54.45476366050417,R64_DENSE,dense,56,0.875,2,303,early,0.15,5,3
64,32,27,0.421875,60.432043584004084,63,5.977279923499917,54.45476366050417,R64_DENSE,dense,56,0.875,2,304,early,0.15,5,3
64,32,27,0.421875,60.432043584004084,63,5.977279923499917,54.45476366050417,R64_DENSE,dense,56,0.875,2,305,early,0.15,5,1
64,32,27,0.421875,60.432043584004084,63,5.977279923499917,54.45476366050417,R64_DENSE,dense,56,0.875,2,306,early,0.15,5,1
64,32,27,0.421875,60.432043584004084,63,5.977279923499917,54.45476366050417,R64_DENSE,dense,56,0.875,2,307,early,0.15,5,1
64,32,27,0.421875,60.432043584004084,63,5.977279923499917,54.45476366050417,R64_DENSE,dense,56,0.875,2,308,early,0.15,5,3
64,32,27,0.421875,60.432043584004084,63,5.977279923499917,54.45476366050417,R64_DENSE,dense,56,0.875,2,309,early,0.15,5,1
64,32,27,0.421875,60.432043584004084,63,5.977279923499917,54.45476366050417,R64_DENSE,dense,56,0.875,2,310,early,0.15,5,1
64,32,27,0.421875,60.432043584004084,63,5.977279923499917,54.45476366050417,R64_DENSE,dense,56,0.875,2,311,early,0.15,5,3
64,32,27,0.421875,60.432043584004084,63,5.977279923499917,54.45476366050417,R64_DENSE,dense,56,0.875,2,312,early,0.15,5,3
64,32,27,0.421875,60.432043584004084,63,5.977279923499917,54.45476366050417,R64_DENSE,dense,56,0.875,2,313,early,0.15,5,1
64,32,27,0.421875,60.432043584004084,63,5.977279923499917,54.45476366050417,R64_DENSE,dense,56,0.875,2,314,early,0.15,5,3
64,32,27,0.421875,60.432043584004084,63,5.977279923499917,54.45476366050417,R64_DENSE,dense,56,0.875,2,315,early,0.15,5,1
64,32,27,0.421875,60.432043584004084,63,5.977279923499917,54.45476366050417,R64_DENSE,dense,56,0.875,2,316,early,0.15,5,3
64,32,27,0.421875,60.432043584004084,63,5.977279923499917,54.45476366050417,R64_DENSE,dense,56,0.875,2,317,early,0.15,5,1
64,32,27,0.421875,60.432043584004084,63,5.977279923499917,54.45476366050417,R64_DENSE,dense,56,0.875,2,318,early,0.15,5,3
64,32,27,0.421875,60.432043584004084,63,5.977279923499917,54.45476366050417,R64_DENSE,dense,56,0.875,2,319,early,0.15,5,1
64,32,5,0.078125,19.373309118932838,63,5.977279923499917,13.39602919543292,R64_DENSE,dense,56,0.875,2,320,late,0.85,27,1
64,32,5,0.078125,19.373309118932838,63,5.977279923499917,13.39602919543292,R64_DENSE,dense,56,0.875,2,321,late,0.85,27,3
64,32,5,0.078125,19.373309118932838,63,5.977279923499917,13.39602919543292,R64_DENSE,dense,56,0.875,2,322,late,0.85,27,1
64,32,5,0.078125,19.373309118932838,63,5.977279923499917,13.39602919543292,R64_DENSE,dense,56,0.875,2,323,late,0.85,27,3
64,32,5,0.078125,19.373309118932838,63,5.977279923499917,13.39602919543292,R64_DENSE,dense,56,0.875,2,324,late,0.85,27,3
64,32,5,0.078125,19.373309118932838,63,5.977279923499917,13.39602919543292,R64_DENSE,dense,56,0.875,2,325,late,0.85,27,3
64,32,5,0.078125,19.373309118932838,63,5.977279923499917,13.39602919543292,R64_DENSE,dense,56,0.875,2,326,late,0.85,27,3
64,32,5,0.078125,19.373309118932838,63,5.977279923499917,13.39602919543292,R64_DENSE,dense,56,0.875,2,327,late,0.85,27,3
64,32,5,0.078125,19.373309118932838,63,5.977279923499917,13.39602919543292,R64_DENSE,dense,56,0.875,2,328,late,0.85,27,1
64,32,5,0.078125,19.373309118932838,63,5.977279923499917,13.39602919543292,R64_DENSE,dense,56,0.875,2,329,late,0.85,27,3
64,32,5,0.078125,19.373309118932838,63,5.977279923499917,13.39602919543292,R64_DENSE,dense,56,0.875,2,330,late,0.85,27,3
64,32,5,0.078125,19.373309118932838,63,5.977279923499917,13.39602919543292,R64_DENSE,dense,56,0.875,2,331,late,0.85,27,1
64,32,5,0.078125,19.373309118932838,63,5.977279923499917,13.39602919543292,R64_DENSE,dense,56,0.875,2,332,late,0.85,27,3
64,32,5,0.078125,19.373309118932838,63,5.977279923499917,13.39602919543292,R64_DENSE,dense,56,0.875,2,333,late,0.85,27,3
64,32,5,0.078125,19.373309118932838,63,5.977279923499917,13.39602919543292,R64_DENSE,dense,56,0.875,2,334,late,0.85,27,3
64,32,5,0.078125,19.373309118932838,63,5.977279923499917,13.39602919543292,R64_DENSE,dense,56,0.875,2,335,late,0.85,27,1
64,32,5,0.078125,19.373309118932838,63,5.977279923499917,13.39602919543292,R64_DENSE,dense,56,0.875,2,336,late,0.85,27,1
64,32,5,0.078125,19.373309118932838,63,5.977279923499917,13.39602919543292,R64_DENSE,dense,56,0.875,2,337,late,0.85,27,1
64,32,5,0.078125,19.373309118932838,63,5.977279923499917,13.39602919543292,R64_DENSE,dense,56,0.875,2,338,late,0.85,27,3
64,32,5,0.078125,19.373309118932838,63,5.977279923499917,13.39602919543292,R64_DENSE,dense,56,0.875,2,339,late,0.85,27,3
64,32,16,0.25,47.675144414876385,63,5.977279923499917,41.69786449137647,R64_DENSE,dense,56,0.875,2,340,middle,0.5,16,3
64,32,16,0.25,47.675144414876385,63,5.977279923499917,41.69786449137647,R64_DENSE,dense,56,0.875,2,341,middle,0.5,16,1
64,32,16,0.25,47.675144414876385,63,5.977279923499917,41.69786449137647,R64_DENSE,dense,56,0.875,2,342,middle,0.5,16,3
64,32,16,0.25,47.675144414876385,63,5.977279923499917,41.69786449137647,R64_DENSE,dense,56,0.875,2,343,middle,0.5,16,3
64,32,16,0.25,47.675144414876385,63,5.977279923499917,41.69786449137647,R64_DENSE,dense,56,0.875,2,344,middle,0.5,16,1
64,32,16,0.25,47.675144414876385,63,5.977279923499917,41.69786449137647,R64_DENSE,dense,56,0.875,2,345,middle,0.5,16,3
64,32,16,0.25,47.675144414876385,63,5.977279923499917,41.69786449137647,R64_DENSE,dense,56,0.875,2,346,middle,0.5,16,3
64,32,16,0.25,47.675144414876385,63,5.977279923499917,41.69786449137647,R64_DENSE,dense,56,0.875,2,347,middle,0.5,16,1
64,32,16,0.25,47.675144414876385,63,5.977279923499917,41.69786449137647,R64_DENSE,dense,56,0.875,2,348,middle,0.5,16,3
64,32,16,0.25,47.675144414876385,63,5.977279923499917,41.69786449137647,R64_DENSE,dense,56,0.875,2,349,middle,0.5,16,3
64,32,16,0.25,47.675144414876385,63,5.977279923499917,41.69786449137647,R64_DENSE,dense,56,0.875,2,350,middle,0.5,16,3
64,32,16,0.25,47.675144414876385,63,5.977279923499917,41.69786449137647,R64_DENSE,dense,56,0.875,2,351,middle,0.5,16,1
64,32,16,0.25,47.675144414876385,63,5.977279923499917,41.69786449137647,R64_DENSE,dense,56,0.875,2,352,middle,0.5,16,1
64,32,16,0.25,47.675144414876385,63,5.977279923499917,41.69786449137647,R64_DENSE,dense,56,0.875,2,353,middle,0.5,16,3
64,32,16,0.25,47.675144414876385,63,5.977279923499917,41.69786449137647,R64_DENSE,dense,56,0.875,2,354,middle,0.5,16,1
64,32,16,0.25,47.675144414876385,63,5.977279923499917,41.69786449137647,R64_DENSE,dense,56,0.875,2,355,middle,0.5,16,3
64,32,16,0.25,47.675144414876385,63,5.977279923499917,41.69786449137647,R64_DENSE,dense,56,0.875,2,356,middle,0.5,16,1
64,32,16,0.25,47.675144414876385,63,5.977279923499917,41.69786449137647,R64_DENSE,dense,56,0.875,2,357,middle,0.5,16,1
64,32,16,0.25,47.675144414876385,63,5.977279923499917,41.69786449137647,R64_DENSE,dense,56,0.875,2,358,middle,0.5,16,1
64,32,16,0.25,47.675144414876385,63,5.977279923499917,41.69786449137647,R64_DENSE,dense,56,0.875,2,359,middle,0.5,16,3
128,64,54,0.421875,123.0116967458599,127,6.9886846867721655,116.02301205908773,R128_SPARSE,sparse,112,0.875,0,360,early,0.15,10,3
128,64,54,0.421875,123.0116967458599,127,6.9886846867721655,116.02301205908773,R128_SPARSE,sparse,112,0.875,0,361,early,0.15,10,1
128,64,54,0.421875,123.0116967458599,127,6.9886846867721655,116.02301205908773,R128_SPARSE,sparse,112,0.875,0,362,early,0.15,10,1
128,64,54,0.421875,123.0116967458599,127,6.9886846867721655,116.02301205908773,R128_SPARSE,sparse,112,0.875,0,363,early,0.15,10,3
128,64,54,0.421875,123.0116967458599,127,6.9886846867721655,116.02301205908773,R128_SPARSE,sparse,112,0.875,0,364,early,0.15,10,3
128,64,54,0.421875,123.0116967458599,127,6.9886846867721655,116.02301205908773,R128_SPARSE,sparse,112,0.875,0,365,early,0.15,10,3
128,64,54,0.421875,123.0116967458599,127,6.9886846867721655,116.02301205908773,R128_SPARSE,sparse,112,0.875,0,366,early,0.15,10,3
128,64,54,0.421875,123.0116967458599,127,6.9886846867721655,116.02301205908773,R128_SPARSE,sparse,112,0.875,0,367,early,0.15,10,3
128,64,54,0.421875,123.0116967458599,127,6.9886846867721655,116.02301205908773,R128_SPARSE,sparse,112,0.875,0,368,early,0.15,10,3
128,64,54,0.421875,123.0116967458599,127,6.9886846867721655,116.02301205908773,R128_SPARSE,sparse,112,0.875,0,369,early,0.15,10,1
128,64,54,0.421875,123.0116967458599,127,6.9886846867721655,116.02301205908773,R128_SPARSE,sparse,112,0.875,0,370,early,0.15,10,1
128,64,54,0.421875,123.0116967458599,127,6.9886846867721655,116.02301205908773,R128_SPARSE,sparse,112,0.875,0,371,early,0.15,10,3
128,64,54,0.421875,123.0116967458599,127,6.9886846867721655,116.02301205908773,R128_SPARSE,sparse,112,0.875,0,372,early,0.15,10,1
128,64,54,0.421875,123.0116967458599,127,6.9886846867721655,116.02301205908773,R128_SPARSE,sparse,112,0.875,0,373,early,0.15,10,3
128,64,54,0.421875,123.0116967458599,127,6.9886846867721655,116.02301205908773,R128_SPARSE,sparse,112,0.875,0,374,early,0.15,10,3
128,64,54,0.421875,123.0116967458599,127,6.9886846867721655,116.02301205908773,R128_SPARSE,sparse,112,0.875,0,375,early,0.15,10,1
128,64,54,0.421875,123.0116967458599,127,6.9886846867721655,116.02301205908773,R128_SPARSE,sparse,112,0.875,0,376,early,0.15,10,3
128,64,54,0.421875,123.0116967458599,127,6.9886846867721655,116.02301205908773,R128_SPARSE,sparse,112,0.875,0,377,early,0.15,10,1
128,64,54,0.421875,123.0116967458599,127,6.9886846867721655,116.02301205908773,R128_SPARSE,sparse,112,0.875,0,378,early,0.15,10,3
128,64,54,0.421875,123.0116967458599,127,6.9886846867721655,116.02301205908773,R128_SPARSE,sparse,112,0.875,0,379,early,0.15,10,3
128,64,10,0.078125,44.227193307148205,127,6.9886846867721655,37.23850862037604,R128_SPARSE,sparse,112,0.875,0,380,late,0.85,54,1
128,64,10,0.078125,44.227193307148205,127,6.9886846867721655,37.23850862037604,R128_SPARSE,sparse,112,0.875,0,381,late,0.85,54,3
128,64,10,0.078125,44.227193307148205,127,6.9886846867721655,37.23850862037604,R128_SPARSE,sparse,112,0.875,0,382,late,0.85,54,3
128,64,10,0.078125,44.227193307148205,127,6.9886846867721655,37.23850862037604,R128_SPARSE,sparse,112,0.875,0,383,late,0.85,54,3
128,64,10,0.078125,44.227193307148205,127,6.9886846867721655,37.23850862037604,R128_SPARSE,sparse,112,0.875,0,384,late,0.85,54,3
128,64,10,0.078125,44.227193307148205,127,6.9886846867721655,37.23850862037604,R128_SPARSE,sparse,112,0.875,0,385,late,0.85,54,3
128,64,10,0.078125,44.227193307148205,127,6.9886846867721655,37.23850862037604,R128_SPARSE,sparse,112,0.875,0,386,late,0.85,54,1
128,64,10,0.078125,44.227193307148205,127,6.9886846867721655,37.23850862037604,R128_SPARSE,sparse,112,0.875,0,387,late,0.85,54,3
128,64,10,0.078125,44.227193307148205,127,6.9886846867721655,37.23850862037604,R128_SPARSE,sparse,112,0.875,0,388,late,0.85,54,3
128,64,10,0.078125,44.227193307148205,127,6.9886846867721655,37.23850862037604,R128_SPARSE,sparse,112,0.875,0,389,late,0.85,54,1
128,64,10,0.078125,44.227193307148205,127,6.9886846867721655,37.23850862037604,R128_SPARSE,sparse,112,0.875,0,390,late,0.85,54,1
128,64,10,0.078125,44.227193307148205,127,6.9886846867721655,37.23850862037604,R128_SPARSE,sparse,112,0.875,0,391,late,0.85,54,3
128,64,10,0.078125,44.227193307148205,127,6.9886846867721655,37.23850862037604,R128_SPARSE,sparse,112,0.875,0,392,late,0.85,54,1
128,64,10,0.078125,44.227193307148205,127,6.9886846867721655,37.23850862037604,R128_SPARSE,sparse,112,0.875,0,393,late,0.85,54,3
128,64,10,0.078125,44.227193307148205,127,6.9886846867721655,37.23850862037604,R128_SPARSE,sparse,112,0.875,0,394,late,0.85,54,1
128,64,10,0.078125,44.227193307148205,127,6.9886846867721655,37.23850862037604,R128_SPARSE,sparse,112,0.875,0,395,late,0.85,54,3
128,64,10,0.078125,44.227193307148205,127,6.9886846867721655,37.23850862037604,R128_SPARSE,sparse,112,0.875,0,396,late,0.85,54,3
128,64,10,0.078125,44.227193307148205,127,6.9886846867721655,37.23850862037604,R128_SPARSE,sparse,112,0.875,0,397,late,0.85,54,1
128,64,10,0.078125,44.227193307148205,127,6.9886846867721655,37.23850862037604,R128_SPARSE,sparse,112,0.875,0,398,late,0.85,54,3
128,64,10,0.078125,44.227193307148205,127,6.9886846867721655,37.23850862037604,R128_SPARSE,sparse,112,0.875,0,399,late,0.85,54,1
128,64,32,0.25,99.15784121278124,127,6.9886846867721655,92.16915652600908,R128_SPARSE,sparse,112,0.875,0,400,middle,0.5,32,1
128,64,32,0.25,99.15784121278124,127,6.9886846867721655,92.16915652600908,R128_SPARSE,sparse,112,0.875,0,401,middle,0.5,32,3
128,64,32,0.25,99.15784121278124,127,6.9886846867721655,92.16915652600908,R128_SPARSE,sparse,112,0.875,0,402,middle,0.5,32,1
128,64,32,0.25,99.15784121278124,127,6.9886846867721655,92.16915652600908,R128_SPARSE,sparse,112,0.875,0,403,middle,0.5,32,1
128,64,32,0.25,99.15784121278124,127,6.9886846867721655,92.16915652600908,R128_SPARSE,sparse,112,0.875,0,404,middle,0.5,32,1
128,64,32,0.25,99.15784121278124,127,6.9886846867721655,92.16915652600908,R128_SPARSE,sparse,112,0.875,0,405,middle,0.5,32,1
128,64,32,0.25,99.15784121278124,127,6.9886846867721655,92.16915652600908,R128_SPARSE,sparse,112,0.875,0,406,middle,0.5,32,1
128,64,32,0.25,99.15784121278124,127,6.9886846867721655,92.16915652600908,R128_SPARSE,sparse,112,0.875,0,407,middle,0.5,32,3
128,64,32,0.25,99.15784121278124,127,6.9886846867721655,92.16915652600908,R128_SPARSE,sparse,112,0.875,0,408,middle,0.5,32,1
128,64,32,0.25,99.15784121278124,127,6.9886846867721655,92.16915652600908,R128_SPARSE,sparse,112,0.875,0,409,middle,0.5,32,3
128,64,32,0.25,99.15784121278124,127,6.9886846867721655,92.16915652600908,R128_SPARSE,sparse,112,0.875,0,410,middle,0.5,32,1
128,64,32,0.25,99.15784121278124,127,6.9886846867721655,92.16915652600908,R128_SPARSE,sparse,112,0.875,0,411,middle,0.5,32,1
128,64,32,0.25,99.15784121278124,127,6.9886846867721655,92.16915652600908,R128_SPARSE,sparse,112,0.875,0,412,middle,0.5,32,3
128,64,32,0.25,99.15784121278124,127,6.9886846867721655,92.16915652600908,R128_SPARSE,sparse,112,0.875,0,413,middle,0.5,32,1
128,64,32,0.25,99.15784121278124,127,6.9886846867721655,92.16915652600908,R128_SPARSE,sparse,112,0.875,0,414,middle,0.5,32,1
128,64,32,0.25,99.15784121278124,127,6.9886846867721655,92.16915652600908,R128_SPARSE,sparse,112,0.875,0,415,middle,0.5,32,3
128,64,32,0.25,99.15784121278124,127,6.9886846867721655,92.16915652600908,R128_SPARSE,sparse,112,0.875,0,416,middle,0.5,32,1
128,64,32,0.25,99.15784121278124,127,6.9886846867721655,92.16915652600908,R128_SPARSE,sparse,112,0.875,0,417,middle,0.5,32,3
128,64,32,0.25,99.15784121278124,127,6.9886846867721655,92.16915652600908,R128_SPARSE,sparse,112,0.875,0,418,middle,0.5,32,3
128,64,32,0.25,99.15784121278124,127,6.9886846867721655,92.16915652600908,R128_SPARSE,sparse,112,0.875,0,419,middle,0.5,32,3
128,64,54,0.421875,123.0116967458599,127,6.9886846867721655,116.02301205908773,R128_SPARSE,sparse,112,0.875,1,420,early,0.15,10,1
128,64,54,0.421875,123.0116967458599,127,6.9886846867721655,116.02301205908773,R128_SPARSE,sparse,112,0.875,1,421,early,0.15,10,1
128,64,54,0.421875,123.0116967458599,127,6.9886846867721655,116.02301205908773,R128_SPARSE,sparse,112,0.875,1,422,early,0.15,10,1
128,64,54,0.421875,123.0116967458599,127,6.9886846867721655,116.02301205908773,R128_SPARSE,sparse,112,0.875,1,423,early,0.15,10,1
128,64,54,0.421875,123.0116967458599,127,6.9886846867721655,116.02301205908773,R128_SPARSE,sparse,112,0.875,1,424,early,0.15,10,3
128,64,54,0.421875,123.0116967458599,127,6.9886846867721655,116.02301205908773,R128_SPARSE,sparse,112,0.875,1,425,early,0.15,10,3
128,64,54,0.421875,123.0116967458599,127,6.9886846867721655,116.02301205908773,R128_SPARSE,sparse,112,0.875,1,426,early,0.15,10,3
128,64,54,0.421875,123.0116967458599,127,6.9886846867721655,116.02301205908773,R128_SPARSE,sparse,112,0.875,1,427,early,0.15,10,3
128,64,54,0.421875,123.0116967458599,127,6.9886846867721655,116.02301205908773,R128_SPARSE,sparse,112,0.875,1,428,early,0.15,10,1
128,64,54,0.421875,123.0116967458599,127,6.9886846867721655,116.02301205908773,R128_SPARSE,sparse,112,0.875,1,429,early,0.15,10,3
128,64,54,0.421875,123.0116967458599,127,6.9886846867721655,116.02301205908773,R128_SPARSE,sparse,112,0.875,1,430,early,0.15,10,3
128,64,54,0.421875,123.0116967458599,127,6.9886846867721655,116.02301205908773,R128_SPARSE,sparse,112,0.875,1,431,early,0.15,10,1
128,64,54,0.421875,123.0116967458599,127,6.9886846867721655,116.02301205908773,R128_SPARSE,sparse,112,0.875,1,432,early,0.15,10,1
128,64,54,0.421875,123.0116967458599,127,6.9886846867721655,116.02301205908773,R128_SPARSE,sparse,112,0.875,1,433,early,0.15,10,3
128,64,54,0.421875,123.0116967458599,127,6.9886846867721655,116.02301205908773,R128_SPARSE,sparse,112,0.875,1,434,early,0.15,10,3
128,64,54,0.421875,123.0116967458599,127,6.9886846867721655,116.02301205908773,R128_SPARSE,sparse,112,0.875,1,435,early,0.15,10,1
128,64,54,0.421875,123.0116967458599,127,6.9886846867721655,116.02301205908773,R128_SPARSE,sparse,112,0.875,1,436,early,0.15,10,3
128,64,54,0.421875,123.0116967458599,127,6.9886846867721655,116.02301205908773,R128_SPARSE,sparse,112,0.875,1,437,early,0.15,10,3
128,64,54,0.421875,123.0116967458599,127,6.9886846867721655,116.02301205908773,R128_SPARSE,sparse,112,0.875,1,438,early,0.15,10,3
128,64,54,0.421875,123.0116967458599,127,6.9886846867721655,116.02301205908773,R128_SPARSE,sparse,112,0.875,1,439,early,0.15,10,1
128,64,10,0.078125,44.227193307148205,127,6.9886846867721655,37.23850862037604,R128_SPARSE,sparse,112,0.875,1,440,late,0.85,54,1
128,64,10,0.078125,44.227193307148205,127,6.9886846867721655,37.23850862037604,R128_SPARSE,sparse,112,0.875,1,441,late,0.85,54,3
128,64,10,0.078125,44.227193307148205,127,6.9886846867721655,37.23850862037604,R128_SPARSE,sparse,112,0.875,1,442,late,0.85,54,3
128,64,10,0.078125,44.227193307148205,127,6.9886846867721655,37.23850862037604,R128_SPARSE,sparse,112,0.875,1,443,late,0.85,54,1
128,64,10,0.078125,44.227193307148205,127,6.9886846867721655,37.23850862037604,R128_SPARSE,sparse,112,0.875,1,444,late,0.85,54,1
128,64,10,0.078125,44.227193307148205,127,6.9886846867721655,37.23850862037604,R128_SPARSE,sparse,112,0.875,1,445,late,0.85,54,3
128,64,10,0.078125,44.227193307148205,127,6.9886846867721655,37.23850862037604,R128_SPARSE,sparse,112,0.875,1,446,late,0.85,54,3
128,64,10,0.078125,44.227193307148205,127,6.9886846867721655,37.23850862037604,R128_SPARSE,sparse,112,0.875,1,447,late,0.85,54,3
128,64,10,0.078125,44.227193307148205,127,6.9886846867721655,37.23850862037604,R128_SPARSE,sparse,112,0.875,1,448,late,0.85,54,3
128,64,10,0.078125,44.227193307148205,127,6.9886846867721655,37.23850862037604,R128_SPARSE,sparse,112,0.875,1,449,late,0.85,54,1
128,64,10,0.078125,44.227193307148205,127,6.9886846867721655,37.23850862037604,R128_SPARSE,sparse,112,0.875,1,450,late,0.85,54,1
128,64,10,0.078125,44.227193307148205,127,6.9886846867721655,37.23850862037604,R128_SPARSE,sparse,112,0.875,1,451,late,0.85,54,3
128,64,10,0.078125,44.227193307148205,127,6.9886846867721655,37.23850862037604,R128_SPARSE,sparse,112,0.875,1,452,late,0.85,54,1
128,64,10,0.078125,44.227193307148205,127,6.9886846867721655,37.23850862037604,R128_SPARSE,sparse,112,0.875,1,453,late,0.85,54,1
128,64,10,0.078125,44.227193307148205,127,6.9886846867721655,37.23850862037604,R128_SPARSE,sparse,112,0.875,1,454,late,0.85,54,3
128,64,10,0.078125,44.227193307148205,127,6.9886846867721655,37.23850862037604,R128_SPARSE,sparse,112,0.875,1,455,late,0.85,54,3
128,64,10,0.078125,44.227193307148205,127,6.9886846867721655,37.23850862037604,R128_SPARSE,sparse,112,0.875,1,456,late,0.85,54,1
128,64,10,0.078125,44.227193307148205,127,6.9886846867721655,37.23850862037604,R128_SPARSE,sparse,112,0.875,1,457,late,0.85,54,3
128,64,10,0.078125,44.227193307148205,127,6.9886846867721655,37.23850862037604,R128_SPARSE,sparse,112,0.875,1,458,late,0.85,54,1
128,64,10,0.078125,44.227193307148205,127,6.9886846867721655,37.23850862037604,R128_SPARSE,sparse,112,0.875,1,459,late,0.85,54,3
128,64,32,0.25,99.15784121278124,127,6.9886846867721655,92.16915652600908,R128_SPARSE,sparse,112,0.875,1,460,middle,0.5,32,1
128,64,32,0.25,99.15784121278124,127,6.9886846867721655,92.16915652600908,R128_SPARSE,sparse,112,0.875,1,461,middle,0.5,32,1
128,64,32,0.25,99.15784121278124,127,6.9886846867721655,92.16915652600908,R128_SPARSE,sparse,112,0.875,1,462,middle,0.5,32,3
128,64,32,0.25,99.15784121278124,127,6.9886846867721655,92.16915652600908,R128_SPARSE,sparse,112,0.875,1,463,middle,0.5,32,3
128,64,32,0.25,99.15784121278124,127,6.9886846867721655,92.16915652600908,R128_SPARSE,sparse,112,0.875,1,464,middle,0.5,32,1
128,64,32,0.25,99.15784121278124,127,6.9886846867721655,92.16915652600908,R128_SPARSE,sparse,112,0.875,1,465,middle,0.5,32,1
128,64,32,0.25,99.15784121278124,127,6.9886846867721655,92.16915652600908,R128_SPARSE,sparse,112,0.875,1,466,middle,0.5,32,3
128,64,32,0.25,99.15784121278124,127,6.9886846867721655,92.16915652600908,R128_SPARSE,sparse,112,0.875,1,467,middle,0.5,32,3
128,64,32,0.25,99.15784121278124,127,6.9886846867721655,92.16915652600908,R128_SPARSE,sparse,112,0.875,1,468,middle,0.5,32,1
128,64,32,0.25,99.15784121278124,127,6.9886846867721655,92.16915652600908,R128_SPARSE,sparse,112,0.875,1,469,middle,0.5,32,3
128,64,32,0.25,99.15784121278124,127,6.9886846867721655,92.16915652600908,R128_SPARSE,sparse,112,0.875,1,470,middle,0.5,32,1
128,64,32,0.25,99.15784121278124,127,6.9886846867721655,92.16915652600908,R128_SPARSE,sparse,112,0.875,1,471,middle,0.5,32,3
128,64,32,0.25,99.15784121278124,127,6.9886846867721655,92.16915652600908,R128_SPARSE,sparse,112,0.875,1,472,middle,0.5,32,3
128,64,32,0.25,99.15784121278124,127,6.9886846867721655,92.16915652600908,R128_SPARSE,sparse,112,0.875,1,473,middle,0.5,32,3
128,64,32,0.25,99.15784121278124,127,6.9886846867721655,92.16915652600908,R128_SPARSE,sparse,112,0.875,1,474,middle,0.5,32,3
128,64,32,0.25,99.15784121278124,127,6.9886846867721655,92.16915652600908,R128_SPARSE,sparse,112,0.875,1,475,middle,0.5,32,3
128,64,32,0.25,99.15784121278124,127,6.9886846867721655,92.16915652600908,R128_SPARSE,sparse,112,0.875,1,476,middle,0.5,32,3
128,64,32,0.25,99.15784121278124,127,6.9886846867721655,92.16915652600908,R128_SPARSE,sparse,112,0.875,1,477,middle,0.5,32,1
128,64,32,0.25,99.15784121278124,127,6.9886846867721655,92.16915652600908,R128_SPARSE,sparse,112,0.875,1,478,middle,0.5,32,1
128,64,32,0.25,99.15784121278124,127,6.9886846867721655,92.16915652600908,R128_SPARSE,sparse,112,0.875,1,479,middle,0.5,32,1
128,64,54,0.421875,123.0116967458599,127,6.9886846867721655,116.02301205908773,R128_SPARSE,sparse,112,0.875,2,480,early,0.15,10,3
128,64,54,0.421875,123.0116967458599,127,6.9886846867721655,116.02301205908773,R128_SPARSE,sparse,112,0.875,2,481,early,0.15,10,3
128,64,54,0.421875,123.0116967458599,127,6.9886846867721655,116.02301205908773,R128_SPARSE,sparse,112,0.875,2,482,early,0.15,10,3
128,64,54,0.421875,123.0116967458599,127,6.9886846867721655,116.02301205908773,R128_SPARSE,sparse,112,0.875,2,483,early,0.15,10,1
128,64,54,0.421875,123.0116967458599,127,6.9886846867721655,116.02301205908773,R128_SPARSE,sparse,112,0.875,2,484,early,0.15,10,1
128,64,54,0.421875,123.0116967458599,127,6.9886846867721655,116.02301205908773,R128_SPARSE,sparse,112,0.875,2,485,early,0.15,10,3
128,64,54,0.421875,123.0116967458599,127,6.9886846867721655,116.02301205908773,R128_SPARSE,sparse,112,0.875,2,486,early,0.15,10,3
128,64,54,0.421875,123.0116967458599,127,6.9886846867721655,116.02301205908773,R128_SPARSE,sparse,112,0.875,2,487,early,0.15,10,3
128,64,54,0.421875,123.0116967458599,127,6.9886846867721655,116.02301205908773,R128_SPARSE,sparse,112,0.875,2,488,early,0.15,10,1
128,64,54,0.421875,123.0116967458599,127,6.9886846867721655,116.02301205908773,R128_SPARSE,sparse,112,0.875,2,489,early,0.15,10,1
128,64,54,0.421875,123.0116967458599,127,6.9886846867721655,116.02301205908773,R128_SPARSE,sparse,112,0.875,2,490,early,0.15,10,3
128,64,54,0.421875,123.0116967458599,127,6.9886846867721655,116.02301205908773,R128_SPARSE,sparse,112,0.875,2,491,early,0.15,10,3
128,64,54,0.421875,123.0116967458599,127,6.9886846867721655,116.02301205908773,R128_SPARSE,sparse,112,0.875,2,492,early,0.15,10,3
128,64,54,0.421875,123.0116967458599,127,6.9886846867721655,116.02301205908773,R128_SPARSE,sparse,112,0.875,2,493,early,0.15,10,3
128,64,54,0.421875,123.0116967458599,127,6.9886846867721655,116.02301205908773,R128_SPARSE,sparse,112,0.875,2,494,early,0.15,10,1
128,64,54,0.421875,123.0116967458599,127,6.9886846867721655,116.02301205908773,R128_SPARSE,sparse,112,0.875,2,495,early,0.15,10,3
128,64,54,0.421875,123.0116967458599,127,6.9886846867721655,116.02301205908773,R128_SPARSE,sparse,112,0.875,2,496,early,0.15,10,1
128,64,54,0.421875,123.0116967458599,127,6.9886846867721655,116.02301205908773,R128_SPARSE,sparse,112,0.875,2,497,early,0.15,10,3
128,64,54,0.421875,123.0116967458599,127,6.9886846867721655,116.02301205908773,R128_SPARSE,sparse,112,0.875,2,498,early,0.15,10,1
128,64,54,0.421875,123.0116967458599,127,6.9886846867721655,116.02301205908773,R128_SPARSE,sparse,112,0.875,2,499,early,0.15,10,3
128,64,10,0.078125,44.227193307148205,127,6.9886846867721655,37.23850862037604,R128_SPARSE,sparse,112,0.875,2,500,late,0.85,54,1
128,64,10,0.078125,44.227193307148205,127,6.9886846867721655,37.23850862037604,R128_SPARSE,sparse,112,0.875,2,501,late,0.85,54,3
128,64,10,0.078125,44.227193307148205,127,6.9886846867721655,37.23850862037604,R128_SPARSE,sparse,112,0.875,2,502,late,0.85,54,1
128,64,10,0.078125,44.227193307148205,127,6.9886846867721655,37.23850862037604,R128_SPARSE,sparse,112,0.875,2,503,late,0.85,54,1
128,64,10,0.078125,44.227193307148205,127,6.9886846867721655,37.23850862037604,R128_SPARSE,sparse,112,0.875,2,504,late,0.85,54,3
128,64,10,0.078125,44.227193307148205,127,6.9886846867721655,37.23850862037604,R128_SPARSE,sparse,112,0.875,2,505,late,0.85,54,3
128,64,10,0.078125,44.227193307148205,127,6.9886846867721655,37.23850862037604,R128_SPARSE,sparse,112,0.875,2,506,late,0.85,54,1
128,64,10,0.078125,44.227193307148205,127,6.9886846867721655,37.23850862037604,R128_SPARSE,sparse,112,0.875,2,507,late,0.85,54,1
128,64,10,0.078125,44.227193307148205,127,6.9886846867721655,37.23850862037604,R128_SPARSE,sparse,112,0.875,2,508,late,0.85,54,3
128,64,10,0.078125,44.227193307148205,127,6.9886846867721655,37.23850862037604,R128_SPARSE,sparse,112,0.875,2,509,late,0.85,54,1
128,64,10,0.078125,44.227193307148205,127,6.9886846867721655,37.23850862037604,R128_SPARSE,sparse,112,0.875,2,510,late,0.85,54,3
128,64,10,0.078125,44.227193307148205,127,6.9886846867721655,37.23850862037604,R128_SPARSE,sparse,112,0.875,2,511,late,0.85,54,1
128,64,10,0.078125,44.227193307148205,127,6.9886846867721655,37.23850862037604,R128_SPARSE,sparse,112,0.875,2,512,late,0.85,54,1
128,64,10,0.078125,44.227193307148205,127,6.9886846867721655,37.23850862037604,R128_SPARSE,sparse,112,0.875,2,513,late,0.85,54,3
128,64,10,0.078125,44.227193307148205,127,6.9886846867721655,37.23850862037604,R128_SPARSE,sparse,112,0.875,2,514,late,0.85,54,1
128,64,10,0.078125,44.227193307148205,127,6.9886846867721655,37.23850862037604,R128_SPARSE,sparse,112,0.875,2,515,late,0.85,54,1
128,64,10,0.078125,44.227193307148205,127,6.9886846867721655,37.23850862037604,R128_SPARSE,sparse,112,0.875,2,516,late,0.85,54,1
128,64,10,0.078125,44.227193307148205,127,6.9886846867721655,37.23850862037604,R128_SPARSE,sparse,112,0.875,2,517,late,0.85,54,3
128,64,10,0.078125,44.227193307148205,127,6.9886846867721655,37.23850862037604,R128_SPARSE,sparse,112,0.875,2,518,late,0.85,54,1
128,64,10,0.078125,44.227193307148205,127,6.9886846867721655,37.23850862037604,R128_SPARSE,sparse,112,0.875,2,519,late,0.85,54,1
128,64,32,0.25,99.15784121278124,127,6.9886846867721655,92.16915652600908,R128_SPARSE,sparse,112,0.875,2,520,middle,0.5,32,1
128,64,32,0.25,99.15784121278124,127,6.9886846867721655,92.16915652600908,R128_SPARSE,sparse,112,0.875,2,521,middle,0.5,32,1
128,64,32,0.25,99.15784121278124,127,6.9886846867721655,92.16915652600908,R128_SPARSE,sparse,112,0.875,2,522,middle,0.5,32,3
128,64,32,0.25,99.15784121278124,127,6.9886846867721655,92.16915652600908,R128_SPARSE,sparse,112,0.875,2,523,middle,0.5,32,1
128,64,32,0.25,99.15784121278124,127,6.9886846867721655,92.16915652600908,R128_SPARSE,sparse,112,0.875,2,524,middle,0.5,32,3
128,64,32,0.25,99.15784121278124,127,6.9886846867721655,92.16915652600908,R128_SPARSE,sparse,112,0.875,2,525,middle,0.5,32,1
128,64,32,0.25,99.15784121278124,127,6.9886846867721655,92.16915652600908,R128_SPARSE,sparse,112,0.875,2,526,middle,0.5,32,3
128,64,32,0.25,99.15784121278124,127,6.9886846867721655,92.16915652600908,R128_SPARSE,sparse,112,0.875,2,527,middle,0.5,32,3
128,64,32,0.25,99.15784121278124,127,6.9886846867721655,92.16915652600908,R128_SPARSE,sparse,112,0.875,2,528,middle,0.5,32,3
128,64,32,0.25,99.15784121278124,127,6.9886846867721655,92.16915652600908,R128_SPARSE,sparse,112,0.875,2,529,middle,0.5,32,3
128,64,32,0.25,99.15784121278124,127,6.9886846867721655,92.16915652600908,R128_SPARSE,sparse,112,0.875,2,530,middle,0.5,32,1
128,64,32,0.25,99.15784121278124,127,6.9886846867721655,92.16915652600908,R128_SPARSE,sparse,112,0.875,2,531,middle,0.5,32,3
128,64,32,0.25,99.15784121278124,127,6.9886846867721655,92.16915652600908,R128_SPARSE,sparse,112,0.875,2,532,middle,0.5,32,1
128,64,32,0.25,99.15784121278124,127,6.9886846867721655,92.16915652600908,R128_SPARSE,sparse,112,0.875,2,533,middle,0.5,32,1
128,64,32,0.25,99.15784121278124,127,6.9886846867721655,92.16915652600908,R128_SPARSE,sparse,112,0.875,2,534,middle,0.5,32,1
128,64,32,0.25,99.15784121278124,127,6.9886846867721655,92.16915652600908,R128_SPARSE,sparse,112,0.875,2,535,middle,0.5,32,1
128,64,32,0.25,99.15784121278124,127,6.9886846867721655,92.16915652600908,R128_SPARSE,sparse,112,0.875,2,536,middle,0.5,32,1
128,64,32,0.25,99.15784121278124,127,6.9886846867721655,92.16915652600908,R128_SPARSE,sparse,112,0.875,2,537,middle,0.5,32,3
128,64,32,0.25,99.15784121278124,127,6.9886846867721655,92.16915652600908,R128_SPARSE,sparse,112,0.875,2,538,middle,0.5,32,1
128,64,32,0.25,99.15784121278124,127,6.9886846867721655,92.16915652600908,R128_SPARSE,sparse,112,0.875,2,539,middle,0.5,32,3
256,128,109,0.42578125,248.90491075182834,255,7.994353436858858,240.91055731496948,R256_SPARSE,sparse,224,0.875,0,540,early,0.15,19,1
256,128,109,0.42578125,248.90491075182834,255,7.994353436858858,240.91055731496948,R256_SPARSE,sparse,224,0.875,0,541,early,0.15,19,1
256,128,109,0.42578125,248.90491075182834,255,7.994353436858858,240.91055731496948,R256_SPARSE,sparse,224,0.875,0,542,early,0.15,19,3
256,128,109,0.42578125,248.90491075182834,255,7.994353436858858,240.91055731496948,R256_SPARSE,sparse,224,0.875,0,543,early,0.15,19,1
256,128,109,0.42578125,248.90491075182834,255,7.994353436858858,240.91055731496948,R256_SPARSE,sparse,224,0.875,0,544,early,0.15,19,3
256,128,109,0.42578125,248.90491075182834,255,7.994353436858858,240.91055731496948,R256_SPARSE,sparse,224,0.875,0,545,early,0.15,19,1
256,128,109,0.42578125,248.90491075182834,255,7.994353436858858,240.91055731496948,R256_SPARSE,sparse,224,0.875,0,546,early,0.15,19,3
256,128,109,0.42578125,248.90491075182834,255,7.994353436858858,240.91055731496948,R256_SPARSE,sparse,224,0.875,0,547,early,0.15,19,1
256,128,109,0.42578125,248.90491075182834,255,7.994353436858858,240.91055731496948,R256_SPARSE,sparse,224,0.875,0,548,early,0.15,19,1
256,128,109,0.42578125,248.90491075182834,255,7.994353436858858,240.91055731496948,R256_SPARSE,sparse,224,0.875,0,549,early,0.15,19,3
256,128,109,0.42578125,248.90491075182834,255,7.994353436858858,240.91055731496948,R256_SPARSE,sparse,224,0.875,0,550,early,0.15,19,3
256,128,109,0.42578125,248.90491075182834,255,7.994353436858858,240.91055731496948,R256_SPARSE,sparse,224,0.875,0,551,early,0.15,19,1
256,128,109,0.42578125,248.90491075182834,255,7.994353436858858,240.91055731496948,R256_SPARSE,sparse,224,0.875,0,552,early,0.15,19,1
256,128,109,0.42578125,248.90491075182834,255,7.994353436858858,240.91055731496948,R256_SPARSE,sparse,224,0.875,0,553,early,0.15,19,3
256,128,109,0.42578125,248.90491075182834,255,7.994353436858858,240.91055731496948,R256_SPARSE,sparse,224,0.875,0,554,early,0.15,19,3
256,128,19,0.07421875,90.72229010238235,255,7.994353436858858,82.72793666552349,R256_SPARSE,sparse,224,0.875,0,555,late,0.85,109,1
256,128,19,0.07421875,90.72229010238235,255,7.994353436858858,82.72793666552349,R256_SPARSE,sparse,224,0.875,0,556,late,0.85,109,3
256,128,19,0.07421875,90.72229010238235,255,7.994353436858858,82.72793666552349,R256_SPARSE,sparse,224,0.875,0,557,late,0.85,109,3
256,128,19,0.07421875,90.72229010238235,255,7.994353436858858,82.72793666552349,R256_SPARSE,sparse,224,0.875,0,558,late,0.85,109,1
256,128,19,0.07421875,90.72229010238235,255,7.994353436858858,82.72793666552349,R256_SPARSE,sparse,224,0.875,0,559,late,0.85,109,3
256,128,19,0.07421875,90.72229010238235,255,7.994353436858858,82.72793666552349,R256_SPARSE,sparse,224,0.875,0,560,late,0.85,109,3
256,128,19,0.07421875,90.72229010238235,255,7.994353436858858,82.72793666552349,R256_SPARSE,sparse,224,0.875,0,561,late,0.85,109,3
256,128,19,0.07421875,90.72229010238235,255,7.994353436858858,82.72793666552349,R256_SPARSE,sparse,224,0.875,0,562,late,0.85,109,3
256,128,19,0.07421875,90.72229010238235,255,7.994353436858858,82.72793666552349,R256_SPARSE,sparse,224,0.875,0,563,late,0.85,109,3
256,128,19,0.07421875,90.72229010238235,255,7.994353436858858,82.72793666552349,R256_SPARSE,sparse,224,0.875,0,564,late,0.85,109,3
256,128,19,0.07421875,90.72229010238235,255,7.994353436858858,82.72793666552349,R256_SPARSE,sparse,224,0.875,0,565,late,0.85,109,3
256,128,19,0.07421875,90.72229010238235,255,7.994353436858858,82.72793666552349,R256_SPARSE,sparse,224,0.875,0,566,late,0.85,109,1
256,128,19,0.07421875,90.72229010238235,255,7.994353436858858,82.72793666552349,R256_SPARSE,sparse,224,0.875,0,567,late,0.85,109,1
256,128,19,0.07421875,90.72229010238235,255,7.994353436858858,82.72793666552349,R256_SPARSE,sparse,224,0.875,0,568,late,0.85,109,3
256,128,19,0.07421875,90.72229010238235,255,7.994353436858858,82.72793666552349,R256_SPARSE,sparse,224,0.875,0,569,late,0.85,109,1
256,128,64,0.25,202.5342308451927,255,7.994353436858858,194.53987740833384,R256_SPARSE,sparse,224,0.875,0,570,middle,0.5,64,3
256,128,64,0.25,202.5342308451927,255,7.994353436858858,194.53987740833384,R256_SPARSE,sparse,224,0.875,0,571,middle,0.5,64,1
256,128,64,0.25,202.5342308451927,255,7.994353436858858,194.53987740833384,R256_SPARSE,sparse,224,0.875,0,572,middle,0.5,64,1
256,128,64,0.25,202.5342308451927,255,7.994353436858858,194.53987740833384,R256_SPARSE,sparse,224,0.875,0,573,middle,0.5,64,1
256,128,64,0.25,202.5342308451927,255,7.994353436858858,194.53987740833384,R256_SPARSE,sparse,224,0.875,0,574,middle,0.5,64,1
256,128,64,0.25,202.5342308451927,255,7.994353436858858,194.53987740833384,R256_SPARSE,sparse,224,0.875,0,575,middle,0.5,64,3
256,128,64,0.25,202.5342308451927,255,7.994353436858858,194.53987740833384,R256_SPARSE,sparse,224,0.875,0,576,middle,0.5,64,3
256,128,64,0.25,202.5342308451927,255,7.994353436858858,194.53987740833384,R256_SPARSE,sparse,224,0.875,0,577,middle,0.5,64,1
256,128,64,0.25,202.5342308451927,255,7.994353436858858,194.53987740833384,R256_SPARSE,sparse,224,0.875,0,578,middle,0.5,64,1
256,128,64,0.25,202.5342308451927,255,7.994353436858858,194.53987740833384,R256_SPARSE,sparse,224,0.875,0,579,middle,0.5,64,1
256,128,64,0.25,202.5342308451927,255,7.994353436858858,194.53987740833384,R256_SPARSE,sparse,224,0.875,0,580,middle,0.5,64,1
256,128,64,0.25,202.5342308451927,255,7.994353436858858,194.53987740833384,R256_SPARSE,sparse,224,0.875,0,581,middle,0.5,64,3
256,128,64,0.25,202.5342308451927,255,7.994353436858858,194.53987740833384,R256_SPARSE,sparse,224,0.875,0,582,middle,0.5,64,3
256,128,64,0.25,202.5342308451927,255,7.994353436858858,194.53987740833384,R256_SPARSE,sparse,224,0.875,0,583,middle,0.5,64,1
256,128,64,0.25,202.5342308451927,255,7.994353436858858,194.53987740833384,R256_SPARSE,sparse,224,0.875,0,584,middle,0.5,64,1
256,128,109,0.42578125,248.90491075182834,255,7.994353436858858,240.91055731496948,R256_SPARSE,sparse,224,0.875,1,585,early,0.15,19,3
256,128,109,0.42578125,248.90491075182834,255,7.994353436858858,240.91055731496948,R256_SPARSE,sparse,224,0.875,1,586,early,0.15,19,1
256,128,109,0.42578125,248.90491075182834,255,7.994353436858858,240.91055731496948,R256_SPARSE,sparse,224,0.875,1,587,early,0.15,19,1
256,128,109,0.42578125,248.90491075182834,255,7.994353436858858,240.91055731496948,R256_SPARSE,sparse,224,0.875,1,588,early,0.15,19,1
256,128,109,0.42578125,248.90491075182834,255,7.994353436858858,240.91055731496948,R256_SPARSE,sparse,224,0.875,1,589,early,0.15,19,1
256,128,109,0.42578125,248.90491075182834,255,7.994353436858858,240.91055731496948,R256_SPARSE,sparse,224,0.875,1,590,early,0.15,19,3
256,128,109,0.42578125,248.90491075182834,255,7.994353436858858,240.91055731496948,R256_SPARSE,sparse,224,0.875,1,591,early,0.15,19,1
256,128,109,0.42578125,248.90491075182834,255,7.994353436858858,240.91055731496948,R256_SPARSE,sparse,224,0.875,1,592,early,0.15,19,1
256,128,109,0.42578125,248.90491075182834,255,7.994353436858858,240.91055731496948,R256_SPARSE,sparse,224,0.875,1,593,early,0.15,19,3
256,128,109,0.42578125,248.90491075182834,255,7.994353436858858,240.91055731496948,R256_SPARSE,sparse,224,0.875,1,594,early,0.15,19,1
256,128,109,0.42578125,248.90491075182834,255,7.994353436858858,240.91055731496948,R256_SPARSE,sparse,224,0.875,1,595,early,0.15,19,3
256,128,109,0.42578125,248.90491075182834,255,7.994353436858858,240.91055731496948,R256_SPARSE,sparse,224,0.875,1,596,early,0.15,19,1
256,128,109,0.42578125,248.90491075182834,255,7.994353436858858,240.91055731496948,R256_SPARSE,sparse,224,0.875,1,597,early,0.15,19,3
256,128,109,0.42578125,248.90491075182834,255,7.994353436858858,240.91055731496948,R256_SPARSE,sparse,224,0.875,1,598,early,0.15,19,1
256,128,109,0.42578125,248.90491075182834,255,7.994353436858858,240.91055731496948,R256_SPARSE,sparse,224,0.875,1,599,early,0.15,19,3
256,128,19,0.07421875,90.72229010238235,255,7.994353436858858,82.72793666552349,R256_SPARSE,sparse,224,0.875,1,600,late,0.85,109,3
256,128,19,0.07421875,90.72229010238235,255,7.994353436858858,82.72793666552349,R256_SPARSE,sparse,224,0.875,1,601,late,0.85,109,1
256,128,19,0.07421875,90.72229010238235,255,7.994353436858858,82.72793666552349,R256_SPARSE,sparse,224,0.875,1,602,late,0.85,109,3
256,128,19,0.07421875,90.72229010238235,255,7.994353436858858,82.72793666552349,R256_SPARSE,sparse,224,0.875,1,603,late,0.85,109,3
256,128,19,0.07421875,90.72229010238235,255,7.994353436858858,82.72793666552349,R256_SPARSE,sparse,224,0.875,1,604,late,0.85,109,3
256,128,19,0.07421875,90.72229010238235,255,7.994353436858858,82.72793666552349,R256_SPARSE,sparse,224,0.875,1,605,late,0.85,109,1
256,128,19,0.07421875,90.72229010238235,255,7.994353436858858,82.72793666552349,R256_SPARSE,sparse,224,0.875,1,606,late,0.85,109,1
256,128,19,0.07421875,90.72229010238235,255,7.994353436858858,82.72793666552349,R256_SPARSE,sparse,224,0.875,1,607,late,0.85,109,3
256,128,19,0.07421875,90.72229010238235,255,7.994353436858858,82.72793666552349,R256_SPARSE,sparse,224,0.875,1,608,late,0.85,109,1
256,128,19,0.07421875,90.72229010238235,255,7.994353436858858,82.72793666552349,R256_SPARSE,sparse,224,0.875,1,609,late,0.85,109,3
256,128,19,0.07421875,90.72229010238235,255,7.994353436858858,82.72793666552349,R256_SPARSE,sparse,224,0.875,1,610,late,0.85,109,1
256,128,19,0.07421875,90.72229010238235,255,7.994353436858858,82.72793666552349,R256_SPARSE,sparse,224,0.875,1,611,late,0.85,109,3
256,128,19,0.07421875,90.72229010238235,255,7.994353436858858,82.72793666552349,R256_SPARSE,sparse,224,0.875,1,612,late,0.85,109,3
256,128,19,0.07421875,90.72229010238235,255,7.994353436858858,82.72793666552349,R256_SPARSE,sparse,224,0.875,1,613,late,0.85,109,3
256,128,19,0.07421875,90.72229010238235,255,7.994353436858858,82.72793666552349,R256_SPARSE,sparse,224,0.875,1,614,late,0.85,109,1
256,128,64,0.25,202.5342308451927,255,7.994353436858858,194.53987740833384,R256_SPARSE,sparse,224,0.875,1,615,middle,0.5,64,1
256,128,64,0.25,202.5342308451927,255,7.994353436858858,194.53987740833384,R256_SPARSE,sparse,224,0.875,1,616,middle,0.5,64,1
256,128,64,0.25,202.5342308451927,255,7.994353436858858,194.53987740833384,R256_SPARSE,sparse,224,0.875,1,617,middle,0.5,64,1
256,128,64,0.25,202.5342308451927,255,7.994353436858858,194.53987740833384,R256_SPARSE,sparse,224,0.875,1,618,middle,0.5,64,3
256,128,64,0.25,202.5342308451927,255,7.994353436858858,194.53987740833384,R256_SPARSE,sparse,224,0.875,1,619,middle,0.5,64,1
256,128,64,0.25,202.5342308451927,255,7.994353436858858,194.53987740833384,R256_SPARSE,sparse,224,0.875,1,620,middle,0.5,64,1
256,128,64,0.25,202.5342308451927,255,7.994353436858858,194.53987740833384,R256_SPARSE,sparse,224,0.875,1,621,middle,0.5,64,1
256,128,64,0.25,202.5342308451927,255,7.994353436858858,194.53987740833384,R256_SPARSE,sparse,224,0.875,1,622,middle,0.5,64,1
256,128,64,0.25,202.5342308451927,255,7.994353436858858,194.53987740833384,R256_SPARSE,sparse,224,0.875,1,623,middle,0.5,64,3
256,128,64,0.25,202.5342308451927,255,7.994353436858858,194.53987740833384,R256_SPARSE,sparse,224,0.875,1,624,middle,0.5,64,3
256,128,64,0.25,202.5342308451927,255,7.994353436858858,194.53987740833384,R256_SPARSE,sparse,224,0.875,1,625,middle,0.5,64,1
256,128,64,0.25,202.5342308451927,255,7.994353436858858,194.53987740833384,R256_SPARSE,sparse,224,0.875,1,626,middle,0.5,64,3
256,128,64,0.25,202.5342308451927,255,7.994353436858858,194.53987740833384,R256_SPARSE,sparse,224,0.875,1,627,middle,0.5,64,1
256,128,64,0.25,202.5342308451927,255,7.994353436858858,194.53987740833384,R256_SPARSE,sparse,224,0.875,1,628,middle,0.5,64,3
256,128,64,0.25,202.5342308451927,255,7.994353436858858,194.53987740833384,R256_SPARSE,sparse,224,0.875,1,629,middle,0.5,64,3
