code_id,family,n,k,rate,condition,decoder,total_transmitted_symbols,trials,errors,bler,bler_low,bler_high,alarm_rate,cap_rate,success_rate,net_information_bits_per_symbol,median_components_generated,p90_components_generated,p99_components_generated,mean_components_generated,median_membership_queries,p90_membership_queries,p99_membership_queries,mean_membership_queries,median_latent_queues_touched,p90_latent_queues_touched,p99_latent_queues_touched,mean_latent_queues_touched,median_queue_touch_fraction,p90_queue_touch_fraction,p99_queue_touch_fraction,mean_queue_touch_fraction,median_valid_witnesses,p90_valid_witnesses,p99_valid_witnesses,mean_valid_witnesses,median_unique_candidates,p90_unique_candidates,p99_unique_candidates,mean_unique_candidates,median_complete_marginal_candidates,p90_complete_marginal_candidates,p99_complete_marginal_candidates,mean_complete_marginal_candidates,median_state_word_metric_evals,p90_state_word_metric_evals,p99_state_word_metric_evals,mean_state_word_metric_evals,median_bit_metric_accumulations,p90_bit_metric_accumulations,p99_bit_metric_accumulations,mean_bit_metric_accumulations,median_osd_reprocessings,p90_osd_reprocessings,p99_osd_reprocessings,mean_osd_reprocessings,median_bch_decode_attempts,p90_bch_decode_attempts,p99_bch_decode_attempts,mean_bch_decode_attempts,median_preprocessing_state_metrics,p90_preprocessing_state_metrics,p99_preprocessing_state_metrics,mean_preprocessing_state_metrics,median_wall_seconds,p90_wall_seconds,p99_wall_seconds,mean_wall_seconds,median_first_component_gap,p90_first_component_gap,p99_first_component_gap,mean_first_component_gap
BCH64_45,extended_bch,64,45,0.703125,trace_no_slip,dqpsk_control,33,10000,70,0.007,0.005544619309554507,0.008834003083932618,0.0,0.0,0.9995,1.3636363636363635,54.0,54.0,54.0,54.0,0.0,0.0,0.0,0.0,1.0,1.0,1.0,1.0,1.0,1.0,1.0,1.0,1.0,3.0,6.0,1.6121,1.0,3.0,6.0,1.6121,1.0,3.0,6.0,1.6121,1.0,3.0,6.0,1.6121,64.0,192.0,384.0,103.1744,0.0,0.0,0.0,0.0,22.0,22.0,22.0,22.0,1.0,1.0,1.0,1.0,0.007901544973719865,0.009475492849014699,0.01181077690096572,0.00804644652971765,,,,
BCH64_45,extended_bch,64,45,0.703125,trace_no_slip,event_full_code_specific,32,10000,0,0.0,0.0,0.00038399837067659573,0.0,0.0,1.0,1.40625,22.0,22.0,22.0,22.0,0.0,0.0,0.0,0.0,1.0,1.0,1.0,1.0,1.0,1.0,1.0,1.0,1.0,1.0,3.0,1.0551,1.0,1.0,3.0,1.0551,1.0,1.0,3.0,1.0551,1.0,1.0,3.0,1.0551,64.0,64.0,192.0,67.5264,0.0,0.0,0.0,0.0,22.0,22.0,22.0,22.0,1.0,1.0,1.0,1.0,0.007534461561590433,0.009057033399585634,0.011337134774075823,0.00768260270942701,,,,
BCH64_45,extended_bch,64,45,0.703125,trace_no_slip,event_full_state_osd,32,10000,0,0.0,0.0,0.00038399837067659573,0.0,0.0,1.0,1.40625,22.0,22.0,22.0,22.0,0.0,0.0,0.0,0.0,1.0,1.0,1.0,1.0,1.0,1.0,1.0,1.0,1.0,1.0,3.0,1.0551,1.0,1.0,3.0,1.0551,1.0,1.0,3.0,1.0551,1.0,1.0,3.0,1.0551,64.0,64.0,192.0,67.5264,0.0,0.0,0.0,0.0,22.0,22.0,22.0,22.0,1.0,1.0,1.0,1.0,0.007534461561590433,0.009057033399585634,0.011337134774075823,0.00768260270942701,,,,
BCH64_45,extended_bch,64,45,0.703125,trace_no_slip,event_ls_adaptive_l2,32,10000,0,0.0,0.0,0.00038399837067659573,0.0,0.0,1.0,1.40625,22.0,22.0,22.0,22.0,0.0,0.0,0.0,0.0,1.0,1.0,1.0,1.0,1.0,1.0,1.0,1.0,1.0,1.0,3.0,1.0551,1.0,1.0,3.0,1.0551,1.0,1.0,3.0,1.0551,1.0,1.0,3.0,1.0551,64.0,64.0,192.0,67.5264,0.0,0.0,0.0,0.0,22.0,22.0,22.0,22.0,1.0,1.0,1.0,1.0,0.007534461561590433,0.009057033399585634,0.011337134774075823,0.00768260270942701,,,,
BCH64_45,extended_bch,64,45,0.703125,trace_no_slip,event_ls_first,32,10000,0,0.0,0.0,0.00038399837067659573,0.0,0.0,1.0,1.40625,22.0,22.0,22.0,22.0,0.0,0.0,0.0,0.0,1.0,1.0,1.0,1.0,1.0,1.0,1.0,1.0,1.0,1.0,3.0,1.0551,1.0,1.0,3.0,1.0551,1.0,1.0,3.0,1.0551,1.0,1.0,3.0,1.0551,64.0,64.0,192.0,67.5264,0.0,0.0,0.0,0.0,22.0,22.0,22.0,22.0,1.0,1.0,1.0,1.0,0.007534461561590433,0.009057033399585634,0.011337134774075823,0.00768260270942701,,,,
BCH64_45,extended_bch,64,45,0.703125,trace_no_slip,event_posterior_pruned_code_specific,32,10000,0,0.0,0.0,0.00038399837067659573,0.0,0.0,1.0,1.40625,22.0,22.0,22.0,22.0,0.0,0.0,0.0,0.0,1.0,1.0,1.0,1.0,1.0,1.0,1.0,1.0,1.0,1.0,3.0,1.0551,1.0,1.0,3.0,1.0551,1.0,1.0,3.0,1.0551,1.0,1.0,3.0,1.0551,64.0,64.0,192.0,67.5264,0.0,0.0,0.0,0.0,22.0,22.0,22.0,22.0,1.0,1.0,1.0,1.0,0.007534461561590433,0.009057033399585634,0.011337134774075823,0.00768260270942701,,,,
BCH64_45,extended_bch,64,45,0.703125,trace_no_slip,event_state_marginal_code_specific,32,10000,0,0.0,0.0,0.00038399837067659573,0.0,0.0,1.0,1.40625,22.0,22.0,22.0,22.0,0.0,0.0,0.0,0.0,1.0,1.0,1.0,1.0,1.0,1.0,1.0,1.0,1.0,1.0,3.0,1.0551,1.0,1.0,3.0,1.0551,1.0,1.0,3.0,1.0551,1.0,1.0,3.0,1.0551,64.0,64.0,192.0,67.5264,0.0,0.0,0.0,0.0,22.0,22.0,22.0,22.0,1.0,1.0,1.0,1.0,0.007534461561590433,0.009057033399585634,0.011337134774075823,0.00768260270942701,,,,
BCH64_45,extended_bch,64,45,0.703125,trace_no_slip,normal_code_decoder,32,10000,0,0.0,0.0,0.00038399837067659573,0.0,0.0,1.0,1.40625,22.0,22.0,22.0,22.0,0.0,0.0,0.0,0.0,1.0,1.0,1.0,1.0,1.0,1.0,1.0,1.0,1.0,1.0,3.0,1.0551,1.0,1.0,3.0,1.0551,1.0,1.0,3.0,1.0551,1.0,1.0,3.0,1.0551,64.0,64.0,192.0,67.5264,0.0,0.0,0.0,0.0,22.0,22.0,22.0,22.0,1.0,1.0,1.0,1.0,0.007475944992620498,0.008987963234540075,0.011256138483295219,0.007625595395616256,,,,
BCH64_45,extended_bch,64,45,0.703125,trace_one_slip,dqpsk_control,33,300,79,0.2633333333333333,0.21671150294236005,0.3159395034372583,0.0,0.0,0.9733333333333334,1.3636363636363635,54.0,54.0,54.0,54.0,0.0,0.0,0.0,0.0,1.0,1.0,1.0,1.0,1.0,1.0,1.0,1.0,3.0,6.0,10.0,3.0833333333333335,3.0,6.0,10.0,3.0833333333333335,3.0,6.0,10.0,3.0833333333333335,3.0,6.0,10.0,3.0833333333333335,192.0,384.0,640.0,197.33333333333334,0.0,0.0,0.0,0.0,22.0,22.0,22.0,22.0,1.0,1.0,1.0,1.0,0.007866450992878526,0.009536127385217698,0.013097124447813255,0.008045863086978595,,,,
BCH64_45,extended_bch,64,45,0.703125,trace_one_slip,event_full_code_specific,32,240,3,0.0125,0.004260067321970977,0.03610000462104887,1.0,0.0,1.0,1.40625,1408.0,1408.0,1408.0,1408.0,0.0,0.0,0.0,0.0,63.0,63.0,63.0,63.0,1.0,1.0,1.0,1.0,138.0,158.0,171.60999999999999,138.4125,138.0,158.0,171.60999999999999,138.4125,138.0,158.0,171.60999999999999,138.4125,8540.0,9766.2,10601.029999999999,8550.004166666668,546560.0,625036.8,678465.9199999999,547200.2666666667,0.0,0.0,0.0,0.0,1408.0,1408.0,1408.0,1408.0,64.0,64.0,64.0,64.0,0.46236272843088955,0.4878037947812118,0.5171674140926915,0.4596080283416086,,,,
BCH64_45,extended_bch,64,45,0.703125,trace_one_slip,event_full_state_osd,32,15,0,0.0,0.0,0.20388330103584862,1.0,0.0,1.0,1.40625,3550.0,3550.0,3550.0,3550.0,0.0,0.0,0.0,0.0,63.0,63.0,63.0,63.0,1.0,1.0,1.0,1.0,2429.0,2507.0,2534.8,2426.6666666666665,2429.0,2507.0,2534.8,2426.6666666666665,2429.0,2507.0,2534.8,2426.6666666666665,152903.0,157730.2,159666.36,152731.2,9785792.0,10094732.8,10218647.04,9774796.8,3528.0,3528.0,3528.0,3528.0,22.0,22.0,22.0,22.0,64.0,64.0,64.0,64.0,1.508726830012165,1.6089384520659222,1.6441234327550047,1.5330632783472538,,,,
BCH64_45,extended_bch,64,45,0.703125,trace_one_slip,event_ls_adaptive_l2,32,300,23,0.07666666666666666,0.051627611786607464,0.1124101038501748,0.8,0.10666666666666667,0.98,1.40625,187.5,50022.0,50022.0,7085.636666666666,161.5,44462.700000000004,45602.2,6401.203333333333,63.0,63.0,63.0,43.483333333333334,1.0,1.0,1.0,0.887037037037037,4.0,7.0,9.009999999999991,3.8133333333333335,3.0,6.0,8.0,3.56,3.0,6.0,8.0,3.56,65.0,68.0,71.58999999999946,52.54,4160.0,4352.0,4581.759999999966,3362.56,0.0,0.0,0.0,0.0,22.0,22.0,22.0,22.0,64.0,64.0,64.0,51.4,0.014094893995206803,0.7590876518981537,1.0377202576736453,0.14068415065916876,0.004408965732947578,0.38812933600825084,0.6353082670796377,0.09016852288906343
BCH64_45,extended_bch,64,45,0.703125,trace_one_slip,event_ls_first,32,300,18,0.06,0.038286369524692054,0.09283944515290843,0.8,0.0,1.0,1.40625,170.0,6038.900000000035,70329.12999999996,3248.01,144.0,5670.600000000028,61773.14999999995,2934.6766666666667,63.0,63.0,63.0,43.086666666666666,1.0,1.0,1.0,0.8807407407407407,3.0,6.0,8.0,3.57,3.0,6.0,8.0,3.57,3.0,5.0,7.009999999999991,2.77,3.0,5.0,7.009999999999991,2.77,192.0,320.0,448.6399999999994,177.28,0.0,0.0,0.0,0.0,22.0,22.0,22.0,22.0,64.0,64.0,64.0,51.4,0.013679451425559819,0.11086332403356264,1.3719344611035191,0.06897375596221536,0.0,0.0,0.0,0.0
BCH64_45,extended_bch,64,45,0.703125,trace_one_slip,event_posterior_pruned_code_specific,32,300,242,0.8066666666666666,0.7582162445043988,0.8473627331445462,0.8,0.0,0.99,1.40625,110.0,110.0,110.0,92.4,0.0,0.0,0.0,0.0,4.0,4.0,4.0,3.4,0.06349206349206349,1.0,1.0,0.25079365079365074,8.0,15.0,22.0,8.59,8.0,15.0,22.0,8.59,8.0,15.0,22.0,8.59,380.5,697.0,1014.02,369.43,24352.0,44608.0,64897.28,23643.52,0.0,0.0,0.0,0.0,110.0,110.0,110.0,92.4,64.0,64.0,64.0,51.4,0.03846240643179044,0.044399668055120856,0.052880405655596346,0.03362732802401297,,,,
BCH64_45,extended_bch,64,45,0.703125,trace_one_slip,event_state_marginal_code_specific,32,300,247,0.8233333333333334,0.7761675879076233,0.8623232907005036,0.8,0.0,0.92,1.40625,59.0,59.0,59.0,51.6,0.0,0.0,0.0,0.0,63.0,63.0,63.0,50.6,1.0,1.0,1.0,1.0,5.0,11.0,15.0,5.576666666666667,5.0,11.0,15.0,5.576666666666667,5.0,11.0,15.0,5.576666666666667,132.0,382.1,635.0,179.59,16512.0,32518.4,48704.0,17944.96,0.0,0.0,0.0,0.0,59.0,59.0,59.0,51.6,8065.0,8065.0,8065.0,6452.2,0.02498125599231571,0.02947789668105543,0.0327413975005038,0.022389234465081245,,,,
BCH64_45,extended_bch,64,45,0.703125,trace_one_slip,normal_code_decoder,32,300,252,0.84,0.7942563251514081,0.8771464544159004,0.0,0.0,0.9266666666666666,1.40625,22.0,22.0,22.0,22.0,0.0,0.0,0.0,0.0,1.0,1.0,1.0,1.0,1.0,1.0,1.0,1.0,3.0,5.0,7.009999999999991,2.77,3.0,5.0,7.009999999999991,2.77,3.0,5.0,7.009999999999991,2.77,3.0,5.0,7.009999999999991,2.77,192.0,320.0,448.6399999999994,177.28,0.0,0.0,0.0,0.0,22.0,22.0,22.0,22.0,1.0,1.0,1.0,1.0,0.007339895993936807,0.0092005055048503,0.012184744653059168,0.007594809768876682,,,,
BCH64_45,extended_bch,64,45,0.703125,trace_other,event_full_code_specific,32,17,8,0.47058823529411764,0.26165106442409436,0.6903676493999558,1.0,0.0,1.0,1.40625,1408.0,1408.0,1408.0,1408.0,0.0,0.0,0.0,0.0,63.0,63.0,63.0,63.0,1.0,1.0,1.0,1.0,140.0,153.8,155.84,138.05882352941177,140.0,153.8,155.84,138.05882352941177,140.0,153.8,155.84,138.05882352941177,8572.0,9417.0,9715.92,8544.529411764706,548608.0,602688.0,621818.88,546849.8823529412,0.0,0.0,0.0,0.0,1408.0,1408.0,1408.0,1408.0,64.0,64.0,64.0,64.0,0.4657864411128685,0.49102469643112273,0.495996134406887,0.4595448524787036,,,,
BCH64_45,extended_bch,64,45,0.703125,trace_other,event_full_state_osd,32,6,3,0.5,0.1876163064826506,0.8123836935173494,1.0,0.0,1.0,1.40625,3550.0,3550.0,3550.0,3550.0,0.0,0.0,0.0,0.0,63.0,63.0,63.0,63.0,1.0,1.0,1.0,1.0,2419.5,2506.5,2545.65,2434.3333333333335,2419.5,2506.5,2545.65,2434.3333333333335,2419.5,2506.5,2545.65,2434.3333333333335,152273.5,157599.5,160010.15,153146.0,9745504.0,10086368.0,10240649.6,9801344.0,3528.0,3528.0,3528.0,3528.0,22.0,22.0,22.0,22.0,64.0,64.0,64.0,64.0,1.618300893518608,1.7486601094715297,1.81742480796529,1.634281007165555,,,,
BCH64_45,extended_bch,64,45,0.703125,trace_other,event_ls_adaptive_l2,32,50,15,0.3,0.19103553500880954,0.437503504644534,0.34,0.24,0.78,1.40625,22.0,50022.0,50022.0,12221.8,0.0,45086.6,45771.29,11002.26,1.0,63.0,63.0,21.16,1.0,1.0,1.0,0.9853968253968253,2.0,5.100000000000001,7.0,2.76,2.0,4.100000000000001,7.0,2.72,2.0,4.100000000000001,7.0,2.72,2.5,64.0,66.0,10.16,160.0,4096.0,4224.0,650.24,0.0,0.0,0.0,0.0,22.0,22.0,22.0,22.0,1.0,64.0,64.0,22.42,0.008957493992056698,0.9629852259415203,1.0436188743414823,0.23204387695295736,0.001692984304655809,0.18637508384197332,0.3520162803910296,0.06269132872922552
BCH64_45,extended_bch,64,45,0.703125,trace_other,event_ls_first,32,50,12,0.24,0.1429739139699173,0.3741268375794292,0.34,0.14,0.86,1.40625,22.0,100022.0,100022.0,20272.98,0.0,88756.7,90755.06,18128.56,1.0,63.0,63.0,21.16,1.0,1.0,1.0,0.9853968253968253,3.0,4.100000000000001,7.0,2.8,3.0,4.100000000000001,7.0,2.8,2.0,4.100000000000001,7.0,2.6,2.0,4.100000000000001,7.0,2.6,128.0,262.4000000000001,448.0,166.4,0.0,0.0,0.0,0.0,22.0,22.0,22.0,22.0,1.0,64.0,64.0,22.42,0.008957493992056698,1.9094742564950138,2.174027527500875,0.4087421737122349,0.0,0.0,0.0,0.0
BCH64_45,extended_bch,64,45,0.703125,trace_other,event_posterior_pruned_code_specific,32,50,16,0.32,0.20758216260656845,0.45810297308144077,0.34,0.0,1.0,1.40625,22.0,110.0,110.0,51.92,0.0,0.0,0.0,0.0,1.0,4.0,4.0,2.02,1.0,1.0,1.0,0.6815873015873015,4.0,12.100000000000001,14.0,4.94,4.0,12.100000000000001,14.0,4.94,4.0,12.100000000000001,14.0,4.94,4.0,516.1000000000001,697.2399999999998,150.02,256.0,33030.40000000001,44623.359999999986,9601.28,0.0,0.0,0.0,0.0,22.0,110.0,110.0,51.92,1.0,64.0,64.0,22.42,0.008957493992056698,0.040540496970061214,0.04445773283601738,0.018465334032662213,,,,
BCH64_45,extended_bch,64,45,0.703125,trace_other,event_state_marginal_code_specific,32,50,16,0.32,0.20758216260656845,0.45810297308144077,0.34,0.0,0.98,1.40625,22.0,59.0,59.0,34.58,0.0,0.0,0.0,0.0,1.0,63.0,63.0,22.08,1.0,1.0,1.0,1.0,3.0,8.100000000000001,12.039999999999992,3.84,3.0,8.100000000000001,12.039999999999992,3.84,3.0,8.100000000000001,12.039999999999992,3.84,4.0,325.30000000000007,477.16999999999985,80.72,256.0,28883.200000000004,38602.87999999999,7907.84,0.0,0.0,0.0,0.0,22.0,59.0,59.0,34.58,1.0,8065.0,8065.0,2742.76,0.008957493992056698,0.027523823722731322,0.029682693976210428,0.014291055994108319,,,,
BCH64_45,extended_bch,64,45,0.703125,trace_other,normal_code_decoder,32,50,16,0.32,0.20758216260656845,0.45810297308144077,0.0,0.0,1.0,1.40625,22.0,22.0,22.0,22.0,0.0,0.0,0.0,0.0,1.0,1.0,1.0,1.0,1.0,1.0,1.0,1.0,2.0,4.100000000000001,7.0,2.6,2.0,4.100000000000001,7.0,2.6,2.0,4.100000000000001,7.0,2.6,2.0,4.100000000000001,7.0,2.6,128.0,262.4000000000001,448.0,166.4,0.0,0.0,0.0,0.0,22.0,22.0,22.0,22.0,1.0,1.0,1.0,1.0,0.007556497468613088,0.009346966026350855,0.010943418031092732,0.007845420655794442,,,,
POLAR64_48,polar,64,48,0.75,trace_no_slip,dqpsk_control,33,10000,610,0.061,0.0564756593148203,0.06586149125463374,0.0,0.0,1.0,1.4545454545454546,41.0,41.0,41.0,41.0,0.0,0.0,0.0,0.0,1.0,1.0,1.0,1.0,1.0,1.0,1.0,1.0,9.0,9.0,9.0,9.0,9.0,9.0,9.0,9.0,9.0,9.0,9.0,9.0,9.0,9.0,9.0,9.0,576.0,576.0,576.0,576.0,0.0,0.0,0.0,0.0,0.0,0.0,0.0,0.0,1.0,1.0,1.0,1.0,0.002633173018693924,0.006134259374812245,0.008782488086726516,0.0036096669071004725,,,,
POLAR64_48,polar,64,48,0.75,trace_no_slip,event_full_code_specific,32,10000,7,0.0007,0.0003391263316879597,0.0014443344412696886,0.0002,0.0,1.0,1.5,9.0,9.0,9.0,9.0,0.0,0.0,0.0,0.0,1.0,1.0,1.0,1.0,1.0,1.0,1.0,1.0,9.0,9.0,9.0,9.0,9.0,9.0,9.0,9.0,9.0,9.0,9.0,9.0,9.0,9.0,9.0,9.0,576.0,576.0,576.0,576.0,0.0,0.0,0.0,0.0,0.0,0.0,0.0,0.0,1.0,1.0,1.0,1.0,0.0026028259890154004,0.006071837421040982,0.008658295479835943,0.003582104772585444,,,,
POLAR64_48,polar,64,48,0.75,trace_no_slip,event_full_state_osd,32,9998,5,0.0005001000200040008,0.00021363115605894993,0.0011702598881734344,0.0,0.0,1.0,1.5,9.0,9.0,9.0,9.0,0.0,0.0,0.0,0.0,1.0,1.0,1.0,1.0,1.0,1.0,1.0,1.0,9.0,9.0,9.0,9.0,9.0,9.0,9.0,9.0,9.0,9.0,9.0,9.0,9.0,9.0,9.0,9.0,576.0,576.0,576.0,576.0,0.0,0.0,0.0,0.0,0.0,0.0,0.0,0.0,1.0,1.0,1.0,1.0,0.0026028259890154004,0.006071872415486723,0.008658426761394371,0.003582282184615171,,,,
POLAR64_48,polar,64,48,0.75,trace_no_slip,event_ls_adaptive_l2,32,10000,5,0.0005,0.00021358842616382576,0.0011700259461420934,0.0002,0.0001,1.0,1.5,9.0,9.0,9.0,15.2463,0.0,0.0,0.0,5.6515,1.0,1.0,1.0,1.0124,1.0,1.0,1.0,1.0,9.0,9.0,9.0,9.0003,9.0,9.0,9.0,9.0002,9.0,9.0,9.0,9.0002,9.0,9.0,9.0,9.0126,576.0,576.0,576.0,576.8064,0.0,0.0,0.0,0.0,0.0,0.0,0.0,0.0,1.0,1.0,1.0,1.0126,0.002602908993139863,0.006073193368501962,0.008684605795424438,0.0036244578927871773,0.1608961458197129,0.2896130102733011,0.3185743047753584,0.1608961458197129
POLAR64_48,polar,64,48,0.75,trace_no_slip,event_ls_first,32,10000,5,0.0005,0.00021358842616382576,0.0011700259461420934,0.0002,0.0,1.0,1.5,9.0,9.0,9.0,11.4893,0.0,0.0,0.0,2.2904,1.0,1.0,1.0,1.0124,1.0,1.0,1.0,1.0,9.0,9.0,9.0,9.0002,9.0,9.0,9.0,9.0002,9.0,9.0,9.0,9.0,9.0,9.0,9.0,9.0,576.0,576.0,576.0,576.0,0.0,0.0,0.0,0.0,0.0,0.0,0.0,0.0,1.0,1.0,1.0,1.0126,0.002602908993139863,0.006073193368501962,0.008684605795424438,0.0036051484584808348,0.0017257813295792346,0.0018733541480052906,0.0019065580321511533,0.0017257813295792346
POLAR64_48,polar,64,48,0.75,trace_no_slip,event_posterior_pruned_code_specific,32,10000,6,0.0006,0.0002750134763309977,0.001308524096300786,0.0002,0.0,1.0,1.5,9.0,9.0,9.0,9.0072,0.0,0.0,0.0,0.0,1.0,1.0,1.0,1.0006,1.0,1.0,1.0,0.9998126984126984,9.0,9.0,9.0,9.007,9.0,9.0,9.0,9.007,9.0,9.0,9.0,9.007,9.0,9.0,9.0,9.441,576.0,576.0,576.0,604.224,0.0,0.0,0.0,0.0,0.0,0.0,0.0,0.0,1.0,1.0,1.0,1.0126,0.002602908993139863,0.006073193368501962,0.008684605795424438,0.003584331572789233,,,,
POLAR64_48,polar,64,48,0.75,trace_no_slip,event_state_marginal_code_specific,32,10000,7,0.0007,0.0003391263316879597,0.0014443344412696886,0.0002,0.0,1.0,1.5,9.0,9.0,9.0,9.0018,0.0,0.0,0.0,0.0,1.0,1.0,1.0,1.0124,1.0,1.0,1.0,1.0,9.0,9.0,9.0,9.0018,9.0,9.0,9.0,9.0018,9.0,9.0,9.0,9.0018,9.0,9.0,9.0,9.1134,576.0,576.0,576.0,584.8704,0.0,0.0,0.0,0.0,0.0,0.0,0.0,0.0,1.0,1.0,1.0,2.6128,0.002602908993139863,0.006073193368501962,0.008658295479835943,0.003583134532079566,,,,
POLAR64_48,polar,64,48,0.75,trace_no_slip,normal_code_decoder,32,10000,7,0.0007,0.0003391263316879597,0.0014443344412696886,0.0,0.0,1.0,1.5,9.0,9.0,9.0,9.0,0.0,0.0,0.0,0.0,1.0,1.0,1.0,1.0,1.0,1.0,1.0,1.0,9.0,9.0,9.0,9.0,9.0,9.0,9.0,9.0,9.0,9.0,9.0,9.0,9.0,9.0,9.0,9.0,576.0,576.0,576.0,576.0,0.0,0.0,0.0,0.0,0.0,0.0,0.0,0.0,1.0,1.0,1.0,1.0,0.0025892150006256998,0.006018442369531841,0.008590110796503727,0.0035594188081449827,,,,
POLAR64_48,polar,64,48,0.75,trace_one_slip,dqpsk_control,33,300,167,0.5566666666666666,0.5000873808268701,0.6118130824343481,0.0,0.0,1.0,1.4545454545454546,41.0,41.0,41.0,41.0,0.0,0.0,0.0,0.0,1.0,1.0,1.0,1.0,1.0,1.0,1.0,1.0,9.0,9.0,9.0,9.0,9.0,9.0,9.0,9.0,9.0,9.0,9.0,9.0,9.0,9.0,9.0,9.0,576.0,576.0,576.0,576.0,0.0,0.0,0.0,0.0,0.0,0.0,0.0,0.0,1.0,1.0,1.0,1.0,0.002602308988571167,0.002860405598767102,0.003352452669059857,0.0026263497754310566,,,,
POLAR64_48,polar,64,48,0.75,trace_one_slip,event_full_code_specific,32,169,12,0.07100591715976332,0.04108185594559849,0.11999905028290586,1.0,0.0,1.0,1.5,576.0,576.0,576.0,576.0,0.0,0.0,0.0,0.0,63.0,63.0,63.0,63.0,1.0,1.0,1.0,1.0,515.0,527.2,534.3199999999999,514.9349112426036,515.0,527.2,534.3199999999999,514.9349112426036,515.0,527.2,534.3199999999999,514.9349112426036,31887.0,32655.600000000002,33104.159999999996,31882.899408284025,2040768.0,2089958.4000000001,2118666.2399999998,2040505.5621301776,0.0,0.0,0.0,0.0,0.0,0.0,0.0,0.0,64.0,64.0,64.0,64.0,0.16187402897048742,0.174746984615922,0.18890040116384624,0.16269816023975434,,,,
POLAR64_48,polar,64,48,0.75,trace_one_slip,event_full_state_osd,32,12,1,0.08333333333333333,0.014865094404917095,0.35387991114111694,1.0,0.0,1.0,1.5,3537.0,3537.0,3537.0,3537.0,0.0,0.0,0.0,0.0,63.0,63.0,63.0,63.0,1.0,1.0,1.0,1.0,2565.0,2628.6,2688.18,2568.6666666666665,2565.0,2628.6,2688.18,2568.6666666666665,2565.0,2628.6,2688.18,2568.6666666666665,161037.0,165043.8,168797.34,161268.0,10306368.0,10562803.2,10803029.76,10321152.0,3528.0,3528.0,3528.0,3528.0,0.0,0.0,0.0,0.0,64.0,64.0,64.0,64.0,0.913755651563406,1.010880753432866,1.0213691463612486,0.9131442809593864,,,,
POLAR64_48,polar,64,48,0.75,trace_one_slip,event_ls_adaptive_l2,32,300,117,0.39,0.3365300216309911,0.446251432038409,0.5633333333333334,0.016666666666666666,0.9933333333333333,1.5,38.0,5896.200000000006,50009.0,2738.096666666667,29.0,5562.600000000004,44757.64,2488.43,28.5,63.0,63.0,31.586666666666666,1.0,1.0,1.0,0.931111111111111,10.0,10.0,14.0,9.723333333333333,10.0,10.0,11.0,9.6,10.0,10.0,11.0,9.6,72.0,72.0,135.0,46.8,4608.0,4608.0,8640.0,2995.2,0.0,0.0,0.0,0.0,0.0,0.0,0.0,0.0,64.0,64.0,64.0,36.49,0.0038877634215168655,0.04276242138585086,0.39272350376239046,0.02385621303071578,0.0032122559008946894,0.2470875613665321,0.6489737502041721,0.07894228887724489
POLAR64_48,polar,64,48,0.75,trace_one_slip,event_ls_first,32,300,116,0.38666666666666666,0.3333235932848012,0.44287548019276246,0.5633333333333334,0.0,1.0,1.5,35.5,3371.3000000000015,36978.33999999999,1628.07,26.5,3157.400000000002,33327.69999999999,1484.68,23.0,63.0,63.0,31.19,1.0,1.0,1.0,0.9248148148148149,10.0,10.0,10.0,9.563333333333333,10.0,10.0,10.0,9.563333333333333,9.0,9.0,9.0,9.0,9.0,9.0,9.0,9.0,576.0,576.0,576.0,576.0,0.0,0.0,0.0,0.0,0.0,0.0,0.0,0.0,64.0,64.0,64.0,36.49,0.004012117045931518,0.0287543529062532,0.3385591871547509,0.015853935858855646,0.0,0.0,0.0,0.0
POLAR64_48,polar,64,48,0.75,trace_one_slip,event_posterior_pruned_code_specific,32,300,268,0.8933333333333333,0.8532967116826325,0.9234241509540578,0.5633333333333334,0.0,1.0,1.5,45.0,45.0,45.0,29.28,0.0,0.0,0.0,0.0,4.0,4.0,4.0,2.69,0.06349206349206349,1.0,1.0,0.47243386243386226,41.0,45.0,45.0,28.136666666666667,41.0,45.0,45.0,28.136666666666667,41.0,45.0,45.0,28.136666666666667,2025.0,2277.0,2277.0,1214.61,129600.0,145728.0,145728.0,77735.04,0.0,0.0,0.0,0.0,0.0,0.0,0.0,0.0,64.0,64.0,64.0,36.49,0.013047716522123665,0.014692678872961551,0.016121884163003412,0.009018817998391266,,,,
POLAR64_48,polar,64,48,0.75,trace_one_slip,event_state_marginal_code_specific,32,300,271,0.9033333333333333,0.8646182980304887,0.9318497051817106,0.5633333333333334,0.0,1.0,1.5,18.0,18.0,18.0,14.07,0.0,0.0,0.0,0.0,63.0,63.0,63.0,35.92666666666667,1.0,1.0,1.0,1.0,18.0,18.0,18.0,14.07,18.0,18.0,18.0,14.07,18.0,18.0,18.0,14.07,576.0,576.0,576.0,328.41,44928.0,44928.0,44928.0,25560.96,0.0,0.0,0.0,0.0,0.0,0.0,0.0,0.0,8065.0,8065.0,8065.0,4543.72,0.0071870359242893755,0.008228043641429395,0.009420238590100778,0.005526260720022644,,,,
POLAR64_48,polar,64,48,0.75,trace_one_slip,normal_code_decoder,32,300,273,0.91,0.8722229892013517,0.9374097743945206,0.0,0.0,1.0,1.5,9.0,9.0,9.0,9.0,0.0,0.0,0.0,0.0,1.0,1.0,1.0,1.0,1.0,1.0,1.0,1.0,9.0,9.0,9.0,9.0,9.0,9.0,9.0,9.0,9.0,9.0,9.0,9.0,9.0,9.0,9.0,9.0,576.0,576.0,576.0,576.0,0.0,0.0,0.0,0.0,0.0,0.0,0.0,0.0,1.0,1.0,1.0,1.0,0.0025168494903482497,0.002776295877993107,0.0033019840694032596,0.0025481943894798556,,,,
POLAR64_48,polar,64,48,0.75,trace_other,event_full_code_specific,32,12,7,0.5833333333333334,0.31951131254954973,0.8067396863412435,1.0,0.0,1.0,1.5,576.0,576.0,576.0,576.0,0.0,0.0,0.0,0.0,63.0,63.0,63.0,63.0,1.0,1.0,1.0,1.0,521.0,534.9,542.12,520.0,521.0,534.9,542.12,520.0,521.0,534.9,542.12,520.0,32265.0,33140.7,33595.56,32202.0,2064960.0,2121004.8,2150115.84,2060928.0,0.0,0.0,0.0,0.0,0.0,0.0,0.0,0.0,64.0,64.0,64.0,64.0,0.16527909401338547,0.1746498583466746,0.18297099772491493,0.16594833980586068,,,,
POLAR64_48,polar,64,48,0.75,trace_other,event_full_state_osd,32,4,4,1.0,0.5101091635454027,1.0,1.0,0.0,1.0,1.5,3537.0,3537.0,3537.0,3537.0,0.0,0.0,0.0,0.0,63.0,63.0,63.0,63.0,1.0,1.0,1.0,1.0,2569.5,2620.6,2638.96,2586.25,2569.5,2620.6,2638.96,2586.25,2569.5,2620.6,2638.96,2586.25,161320.5,164539.8,165696.48,162375.75,10324512.0,10530547.2,10604574.72,10392048.0,3528.0,3528.0,3528.0,3528.0,0.0,0.0,0.0,0.0,64.0,64.0,64.0,64.0,0.9775074500357732,1.0171256175963208,1.029828955011908,0.9781134897784796,,,,
POLAR64_48,polar,64,48,0.75,trace_other,event_ls_adaptive_l2,32,50,25,0.5,0.3664451431682858,0.6335548568317142,0.24,0.14,0.88,1.5,9.0,50009.0,50009.0,8396.54,0.0,45020.6,45771.29,7578.98,1.0,63.0,63.0,15.88,1.0,1.0,1.0,1.0,9.0,10.0,10.509999999999998,9.14,9.0,10.0,10.0,9.12,9.0,10.0,10.0,9.12,9.0,72.0,72.0,16.56,576.0,4608.0,4608.0,1059.84,0.0,0.0,0.0,0.0,0.0,0.0,0.0,0.0,1.0,64.0,64.0,16.12,0.0026599090197123587,0.39986854857997967,0.4729405262239742,0.0721953261247836,0.023638209252869302,0.30749374633332494,0.4230242231740565,0.11104789058998321
POLAR64_48,polar,64,48,0.75,trace_other,event_ls_first,32,50,23,0.46,0.3296965219222435,0.5960112860084253,0.24,0.0,1.0,1.5,9.0,52704.00000000001,86238.29999999999,10451.52,0.0,47785.600000000006,77866.19999999998,9419.42,1.0,63.0,63.0,15.88,1.0,1.0,1.0,1.0,9.0,10.0,10.0,9.24,9.0,10.0,10.0,9.24,9.0,9.0,9.0,9.0,9.0,9.0,9.0,9.0,576.0,576.0,576.0,576.0,0.0,0.0,0.0,0.0,0.0,0.0,0.0,0.0,1.0,64.0,64.0,16.12,0.0026599090197123587,0.47791759710526094,0.7406379690580068,0.09172678848728538,0.0,0.0,0.0011620154217804675,0.00010880294211427592
POLAR64_48,polar,64,48,0.75,trace_other,event_posterior_pruned_code_specific,32,50,26,0.52,0.38511744890044614,0.6520286471342196,0.24,0.0,1.0,1.5,9.0,45.0,45.0,17.64,0.0,0.0,0.0,0.0,1.0,4.0,4.0,1.72,1.0,1.0,1.0,0.7752380952380952,9.0,44.0,45.0,17.24,9.0,44.0,45.0,17.24,9.0,44.0,45.0,17.24,9.0,2214.0,2277.0,528.12,576.0,141696.0,145728.0,33799.68,0.0,0.0,0.0,0.0,0.0,0.0,0.0,0.0,1.0,64.0,64.0,16.12,0.0026599090197123587,0.014682774001266807,0.016385363287990912,0.005845131613314152,,,,
POLAR64_48,polar,64,48,0.75,trace_other,event_state_marginal_code_specific,32,50,26,0.52,0.38511744890044614,0.6520286471342196,0.24,0.0,1.0,1.5,9.0,18.0,18.0,11.16,0.0,0.0,0.0,0.0,1.0,63.0,63.0,15.88,1.0,1.0,1.0,1.0,9.0,18.0,18.0,11.16,9.0,18.0,18.0,11.16,9.0,18.0,18.0,11.16,9.0,576.0,576.0,145.08,576.0,44928.0,44928.0,11220.48,0.0,0.0,0.0,0.0,0.0,0.0,0.0,0.0,1.0,8065.0,8065.0,1936.36,0.0026599090197123587,0.008599058585241437,0.010847643073648213,0.0043419977277517315,,,,
POLAR64_48,polar,64,48,0.75,trace_other,normal_code_decoder,32,50,27,0.54,0.40398871399157477,0.6703034780777566,0.0,0.0,1.0,1.5,9.0,9.0,9.0,9.0,0.0,0.0,0.0,0.0,1.0,1.0,1.0,1.0,1.0,1.0,1.0,1.0,9.0,9.0,9.0,9.0,9.0,9.0,9.0,9.0,9.0,9.0,9.0,9.0,9.0,9.0,9.0,9.0,576.0,576.0,576.0,576.0,0.0,0.0,0.0,0.0,0.0,0.0,0.0,0.0,1.0,1.0,1.0,1.0,0.002592528471723199,0.003376975329592824,0.008407537600724015,0.0029518756456673144,,,,
